[{"id":1,"title":"Contact Form Demo","status":"published","appearance_settings":null,"form_fields":{"fields":[{"index":0,"element":"input_name","attributes":{"name":"names","data-type":"name-element"},"settings":{"container_class":"","admin_field_label":"\u0627\u0644\u0627\u0633\u0645","conditional_logics":{"type":"any","status":false,"conditions":[{"field":"","value":"","operator":""}],"condition_groups":[{"rules":[{"field":"","value":"","operator":""}],"title":"","isEditingTitle":false,"isPreviewOpen":false,"isGroupOpen":true}]},"label_placement":""},"fields":{"first_name":{"element":"input_text","attributes":{"type":"text","name":"first_name","value":"","id":"","class":"","placeholder":"\u0627\u0644\u0627\u0633\u0645"},"settings":{"container_class":"","label":"\u0627\u0644\u0627\u0633\u0645","help_message":"","visible":true,"validation_rules":{"required":{"value":false,"message":"This field is required","global":false,"global_message":"This field is required"}},"conditional_logics":[]},"editor_options":{"template":"inputText"}},"middle_name":{"element":"input_text","attributes":{"type":"text","name":"middle_name","value":"","id":"","class":"","placeholder":"","required":false},"settings":{"container_class":"","label":"Middle Name","help_message":"","error_message":"","visible":false,"validation_rules":{"required":{"value":false,"message":"This field is required","global":false,"global_message":"This field is required"}},"conditional_logics":[]},"editor_options":{"template":"inputText"}},"last_name":{"element":"input_text","attributes":{"type":"text","name":"last_name","value":"","id":"","class":"","placeholder":"\u0627\u0644\u0644\u0642\u0628","required":false},"settings":{"container_class":"","label":"\u0627\u0644\u0644\u0642\u0628","help_message":"","error_message":"","visible":true,"validation_rules":{"required":{"value":false,"message":"This field is required","global":false,"global_message":"This field is required"}},"conditional_logics":[]},"editor_options":{"template":"inputText"}}},"editor_options":{"title":"Name Fields","element":"name-fields","icon_class":"ff-edit-name","template":"nameFields"},"uniqElKey":"el_1570866006692"},{"index":1,"element":"input_email","attributes":{"type":"email","name":"email","value":"","id":"","class":"","placeholder":"\u0627\u0644\u0628\u0631\u064a\u062f \u0627\u0644\u0627\u0644\u0643\u062a\u0631\u0648\u0646\u064a"},"settings":{"container_class":"","label":"\u0627\u0644\u0628\u0631\u064a\u062f \u0627\u0644\u0627\u0644\u0643\u062a\u0631\u0648\u0646\u064a","label_placement":"","help_message":"","admin_field_label":"\u0627\u0644\u0628\u0631\u064a\u062f \u0627\u0644\u0627\u0644\u0643\u062a\u0631\u0648\u0646\u064a","validation_rules":{"required":{"value":true,"message":"This field is required","global":false,"global_message":"This field is required"},"email":{"value":true,"message":"This field must contain a valid email","global":false,"global_message":"This field must contain a valid email"}},"conditional_logics":[],"is_unique":"no","unique_validation_message":"Email address need to be unique.","prefix_label":"","suffix_label":""},"editor_options":{"title":"Email Address","icon_class":"ff-edit-email","template":"inputText"},"uniqElKey":"el_1570866012914"},{"index":2,"element":"input_text","attributes":{"type":"text","name":"subject","value":"","class":"","placeholder":"\u0639\u0646\u0648\u0627\u0646 \u0627\u0644\u062a\u0630\u0643\u0631\u0629","maxlength":""},"settings":{"container_class":"","label":"\u0639\u0646\u0648\u0627\u0646 \u0627\u0644\u062a\u0630\u0643\u0631\u0629","label_placement":"","admin_field_label":"\u0639\u0646\u0648\u0627\u0646 \u0627\u0644\u062a\u0630\u0643\u0631\u0629","help_message":"","validation_rules":{"required":{"value":false,"message":"This field is required","global":false,"global_message":"This field is required"}},"conditional_logics":{"type":"any","status":false,"conditions":[{"field":"","value":"","operator":""}]},"is_unique":"no","unique_validation_message":"This field value need to be unique.","prefix_label":"","suffix_label":""},"editor_options":{"title":"Simple Text","icon_class":"ff-edit-text","template":"inputText"},"uniqElKey":"el_1570878958648"},{"index":3,"element":"textarea","attributes":{"name":"message","value":"","id":"","class":"","placeholder":"\u0642\u0645 \u0628\u0643\u062a\u0627\u0628\u0629 \u0627\u0644\u0631\u0633\u0627\u0644\u0629","rows":4,"cols":2,"maxlength":""},"settings":{"container_class":"","label":"\u0627\u0644\u0631\u0633\u0627\u0644\u0629","admin_field_label":"\u0627\u0644\u0631\u0633\u0627\u0644\u0629","label_placement":"","help_message":"","validation_rules":{"required":{"value":true,"message":"This field is required","global":false,"global_message":"This field is required"}},"conditional_logics":{"type":"any","status":false,"conditions":[{"field":"","value":"","operator":""}]}},"editor_options":{"title":"Text Area","icon_class":"ff-edit-textarea","template":"inputTextarea"},"uniqElKey":"el_1570879001207"}],"submitButton":{"uniqElKey":"el_1524065200616","element":"button","attributes":{"type":"submit","class":""},"settings":{"align":"left","button_style":"default","container_class":"","help_message":"","background_color":"#1a7efb","button_size":"md","color":"#ffffff","button_ui":{"type":"default","text":"\u0627\u0631\u0633\u0627\u0644","img_url":""},"normal_styles":{"backgroundColor":"#1a7efb","borderColor":"#1a7efb","color":"#ffffff","borderRadius":"","minWidth":""},"hover_styles":{"backgroundColor":"#ffffff","borderColor":"#1a7efb","color":"#1a7efb","borderRadius":"","minWidth":""},"current_state":"normal_styles"},"editor_options":{"title":"Submit Button"}}},"has_payment":"0","type":"","conditions":null,"created_by":"1","created_at":"2025-05-07 20:32:51","updated_at":"2025-05-07 20:40:33","form_meta":[{"id":1,"form_id":"1","meta_key":"template_name","value":"basic_contact_form"},{"id":2,"form_id":"1","meta_key":"formSettings","value":"{\"confirmation\":{\"redirectTo\":\"samePage\",\"messageToShow\":\"Thank you for your message. We will get in touch with you shortly\",\"customPage\":null,\"samePageFormBehavior\":\"hide_form\",\"customUrl\":null},\"restrictions\":{\"limitNumberOfEntries\":{\"enabled\":false,\"numberOfEntries\":null,\"period\":\"total\",\"limitReachedMsg\":\"Maximum number of entries exceeded.\"},\"scheduleForm\":{\"enabled\":false,\"start\":null,\"end\":null,\"selectedDays\":[\"Monday\",\"Tuesday\",\"Wednesday\",\"Thursday\",\"Friday\",\"Saturday\",\"Sunday\"],\"pendingMsg\":\"Form submission is not started yet.\",\"expiredMsg\":\"Form submission is now closed.\"},\"requireLogin\":{\"enabled\":false,\"requireLoginMsg\":\"You must be logged in to submit the form.\"},\"denyEmptySubmission\":{\"enabled\":false,\"message\":\"Sorry, you cannot submit an empty form. Let's hear what you wanna say.\"}},\"layout\":{\"labelPlacement\":\"top\",\"helpMessagePlacement\":\"with_label\",\"errorMessagePlacement\":\"inline\",\"cssClassName\":\"\",\"asteriskPlacement\":\"asterisk-right\"},\"delete_entry_on_submission\":\"no\",\"appendSurveyResult\":{\"enabled\":false,\"showLabel\":false,\"showCount\":false}}"},{"id":3,"form_id":"1","meta_key":"advancedValidationSettings","value":"{\"status\":false,\"type\":\"all\",\"conditions\":[{\"field\":\"\",\"operator\":\"=\",\"value\":\"\"}],\"error_message\":\"\",\"validation_type\":\"fail_on_condition_met\"}"},{"id":4,"form_id":"1","meta_key":"double_optin_settings","value":"{\"status\":\"no\",\"confirmation_message\":\"Please check your email inbox to confirm this submission\",\"email_body_type\":\"global\",\"email_subject\":\"Please confirm your form submission\",\"email_body\":\"<h2>Please Confirm Your Submission<\/h2><p>&nbsp;<\/p><p style=\"text-align: center;\"><a style=\"color: #ffffff; background-color: #454545; font-size: 16px; border-radius: 5px; text-decoration: none; font-weight: normal; font-style: normal; padding: 0.8rem 1rem; border-color: #0072ff;\" href=\"#confirmation_url#\">Confirm Submission<\/a><\/p><p>&nbsp;<\/p><p>If you received this email by mistake, simply delete it. Your form submission won't proceed if you don't click the confirmation link above.<\/p>\",\"email_field\":\"\",\"skip_if_logged_in\":\"yes\",\"skip_if_fc_subscribed\":\"no\"}"},{"id":10,"form_id":"1","meta_key":"revision","value":"{\"change_title\":\"Initial state\",\"timestamp\":\"2025-05-07 20:40:33\",\"old_data\":\"{\\\"fields\\\":[{\\\"index\\\":0,\\\"element\\\":\\\"input_name\\\",\\\"attributes\\\":{\\\"name\\\":\\\"names\\\",\\\"data-type\\\":\\\"name-element\\\"},\\\"settings\\\":{\\\"container_class\\\":\\\"\\\",\\\"admin_field_label\\\":\\\"Name\\\",\\\"conditional_logics\\\":[]},\\\"fields\\\":{\\\"first_name\\\":{\\\"element\\\":\\\"input_text\\\",\\\"attributes\\\":{\\\"type\\\":\\\"text\\\",\\\"name\\\":\\\"first_name\\\",\\\"value\\\":\\\"\\\",\\\"id\\\":\\\"\\\",\\\"class\\\":\\\"\\\",\\\"placeholder\\\":\\\"First Name\\\"},\\\"settings\\\":{\\\"container_class\\\":\\\"\\\",\\\"label\\\":\\\"First Name\\\",\\\"help_message\\\":\\\"\\\",\\\"visible\\\":true,\\\"validation_rules\\\":{\\\"required\\\":{\\\"value\\\":false,\\\"message\\\":\\\"This field is required\\\"}},\\\"conditional_logics\\\":[]},\\\"editor_options\\\":{\\\"template\\\":\\\"inputText\\\"}},\\\"middle_name\\\":{\\\"element\\\":\\\"input_text\\\",\\\"attributes\\\":{\\\"type\\\":\\\"text\\\",\\\"name\\\":\\\"middle_name\\\",\\\"value\\\":\\\"\\\",\\\"id\\\":\\\"\\\",\\\"class\\\":\\\"\\\",\\\"placeholder\\\":\\\"\\\",\\\"required\\\":false},\\\"settings\\\":{\\\"container_class\\\":\\\"\\\",\\\"label\\\":\\\"Middle Name\\\",\\\"help_message\\\":\\\"\\\",\\\"error_message\\\":\\\"\\\",\\\"visible\\\":false,\\\"validation_rules\\\":{\\\"required\\\":{\\\"value\\\":false,\\\"message\\\":\\\"This field is required\\\"}},\\\"conditional_logics\\\":[]},\\\"editor_options\\\":{\\\"template\\\":\\\"inputText\\\"}},\\\"last_name\\\":{\\\"element\\\":\\\"input_text\\\",\\\"attributes\\\":{\\\"type\\\":\\\"text\\\",\\\"name\\\":\\\"last_name\\\",\\\"value\\\":\\\"\\\",\\\"id\\\":\\\"\\\",\\\"class\\\":\\\"\\\",\\\"placeholder\\\":\\\"Last Name\\\",\\\"required\\\":false},\\\"settings\\\":{\\\"container_class\\\":\\\"\\\",\\\"label\\\":\\\"Last Name\\\",\\\"help_message\\\":\\\"\\\",\\\"error_message\\\":\\\"\\\",\\\"visible\\\":true,\\\"validation_rules\\\":{\\\"required\\\":{\\\"value\\\":false,\\\"message\\\":\\\"This field is required\\\"}},\\\"conditional_logics\\\":[]},\\\"editor_options\\\":{\\\"template\\\":\\\"inputText\\\"}}},\\\"editor_options\\\":{\\\"title\\\":\\\"Name Fields\\\",\\\"element\\\":\\\"name-fields\\\",\\\"icon_class\\\":\\\"ff-edit-name\\\",\\\"template\\\":\\\"nameFields\\\"},\\\"uniqElKey\\\":\\\"el_1570866006692\\\"},{\\\"index\\\":1,\\\"element\\\":\\\"input_email\\\",\\\"attributes\\\":{\\\"type\\\":\\\"email\\\",\\\"name\\\":\\\"email\\\",\\\"value\\\":\\\"\\\",\\\"id\\\":\\\"\\\",\\\"class\\\":\\\"\\\",\\\"placeholder\\\":\\\"Email Address\\\"},\\\"settings\\\":{\\\"container_class\\\":\\\"\\\",\\\"label\\\":\\\"Email\\\",\\\"label_placement\\\":\\\"\\\",\\\"help_message\\\":\\\"\\\",\\\"admin_field_label\\\":\\\"\\\",\\\"validation_rules\\\":{\\\"required\\\":{\\\"value\\\":true,\\\"message\\\":\\\"This field is required\\\"},\\\"email\\\":{\\\"value\\\":true,\\\"message\\\":\\\"This field must contain a valid email\\\"}},\\\"conditional_logics\\\":[]},\\\"editor_options\\\":{\\\"title\\\":\\\"Email Address\\\",\\\"icon_class\\\":\\\"ff-edit-email\\\",\\\"template\\\":\\\"inputText\\\"},\\\"uniqElKey\\\":\\\"el_1570866012914\\\"},{\\\"index\\\":2,\\\"element\\\":\\\"input_text\\\",\\\"attributes\\\":{\\\"type\\\":\\\"text\\\",\\\"name\\\":\\\"subject\\\",\\\"value\\\":\\\"\\\",\\\"class\\\":\\\"\\\",\\\"placeholder\\\":\\\"Subject\\\"},\\\"settings\\\":{\\\"container_class\\\":\\\"\\\",\\\"label\\\":\\\"Subject\\\",\\\"label_placement\\\":\\\"\\\",\\\"admin_field_label\\\":\\\"Subject\\\",\\\"help_message\\\":\\\"\\\",\\\"validation_rules\\\":{\\\"required\\\":{\\\"value\\\":false,\\\"message\\\":\\\"This field is required\\\"}},\\\"conditional_logics\\\":{\\\"type\\\":\\\"any\\\",\\\"status\\\":false,\\\"conditions\\\":[{\\\"field\\\":\\\"\\\",\\\"value\\\":\\\"\\\",\\\"operator\\\":\\\"\\\"}]}},\\\"editor_options\\\":{\\\"title\\\":\\\"Simple Text\\\",\\\"icon_class\\\":\\\"ff-edit-text\\\",\\\"template\\\":\\\"inputText\\\"},\\\"uniqElKey\\\":\\\"el_1570878958648\\\"},{\\\"index\\\":3,\\\"element\\\":\\\"textarea\\\",\\\"attributes\\\":{\\\"name\\\":\\\"message\\\",\\\"value\\\":\\\"\\\",\\\"id\\\":\\\"\\\",\\\"class\\\":\\\"\\\",\\\"placeholder\\\":\\\"Your Message\\\",\\\"rows\\\":4,\\\"cols\\\":2},\\\"settings\\\":{\\\"container_class\\\":\\\"\\\",\\\"label\\\":\\\"Your Message\\\",\\\"admin_field_label\\\":\\\"\\\",\\\"label_placement\\\":\\\"\\\",\\\"help_message\\\":\\\"\\\",\\\"validation_rules\\\":{\\\"required\\\":{\\\"value\\\":true,\\\"message\\\":\\\"This field is required\\\"}},\\\"conditional_logics\\\":{\\\"type\\\":\\\"any\\\",\\\"status\\\":false,\\\"conditions\\\":[{\\\"field\\\":\\\"\\\",\\\"value\\\":\\\"\\\",\\\"operator\\\":\\\"\\\"}]}},\\\"editor_options\\\":{\\\"title\\\":\\\"Text Area\\\",\\\"icon_class\\\":\\\"ff-edit-textarea\\\",\\\"template\\\":\\\"inputTextarea\\\"},\\\"uniqElKey\\\":\\\"el_1570879001207\\\"}],\\\"submitButton\\\":{\\\"uniqElKey\\\":\\\"el_1524065200616\\\",\\\"element\\\":\\\"button\\\",\\\"attributes\\\":{\\\"type\\\":\\\"submit\\\",\\\"class\\\":\\\"\\\"},\\\"settings\\\":{\\\"align\\\":\\\"left\\\",\\\"button_style\\\":\\\"default\\\",\\\"container_class\\\":\\\"\\\",\\\"help_message\\\":\\\"\\\",\\\"background_color\\\":\\\"#1a7efb\\\",\\\"button_size\\\":\\\"md\\\",\\\"color\\\":\\\"#ffffff\\\",\\\"button_ui\\\":{\\\"type\\\":\\\"default\\\",\\\"text\\\":\\\"Submit Form\\\",\\\"img_url\\\":\\\"\\\"}},\\\"editor_options\\\":{\\\"title\\\":\\\"Submit Button\\\"}}}\",\"changes\":\"[{\\\"type\\\":\\\"modified\\\",\\\"label\\\":\\\"input_name\\\",\\\"key\\\":\\\"admin_field_label\\\",\\\"new_value\\\":\\\"\\\\u0627\\\\u0644\\\\u0627\\\\u0633\\\\u0645\\\",\\\"old_value\\\":\\\"Name\\\",\\\"info\\\":\\\"Modified input_name admin_field_label value from 'Name' to '\\\\u0627\\\\u0644\\\\u0627\\\\u0633\\\\u0645'\\\",\\\"category\\\":\\\"settings\\\"},{\\\"type\\\":\\\"modified\\\",\\\"label\\\":\\\"input_name\\\",\\\"key\\\":\\\"conditional_logics.type\\\",\\\"new_value\\\":\\\"any\\\",\\\"info\\\":\\\"Modified input_name conditional_logics.type value from 'empty' to 'any'\\\",\\\"category\\\":\\\"settings\\\"},{\\\"type\\\":\\\"modified\\\",\\\"label\\\":\\\"input_name\\\",\\\"key\\\":\\\"conditional_logics.status\\\",\\\"new_value\\\":false,\\\"info\\\":\\\"Modified input_name conditional_logics.status value from 'empty' to 'inActive'\\\",\\\"category\\\":\\\"settings\\\"},{\\\"type\\\":\\\"modified\\\",\\\"label\\\":\\\"input_name\\\",\\\"key\\\":\\\"conditional_logics.conditions.0.field\\\",\\\"new_value\\\":\\\"\\\",\\\"info\\\":\\\"Modified input_name conditional_logics.conditions.0.field value from 'empty' to ''\\\",\\\"category\\\":\\\"settings\\\"},{\\\"type\\\":\\\"modified\\\",\\\"label\\\":\\\"input_name\\\",\\\"key\\\":\\\"conditional_logics.conditions.0.value\\\",\\\"new_value\\\":\\\"\\\",\\\"info\\\":\\\"Modified input_name conditional_logics.conditions.0.value value from 'empty' to ''\\\",\\\"category\\\":\\\"settings\\\"},{\\\"type\\\":\\\"modified\\\",\\\"label\\\":\\\"input_name\\\",\\\"key\\\":\\\"conditional_logics.conditions.0.operator\\\",\\\"new_value\\\":\\\"\\\",\\\"info\\\":\\\"Modified input_name conditional_logics.conditions.0.operator value from 'empty' to ''\\\",\\\"category\\\":\\\"settings\\\"},{\\\"type\\\":\\\"modified\\\",\\\"label\\\":\\\"input_name\\\",\\\"key\\\":\\\"conditional_logics.condition_groups.0.rules.0.field\\\",\\\"new_value\\\":\\\"\\\",\\\"info\\\":\\\"Modified input_name conditional_logics.condition_groups.0.rules.0.field value from 'empty' to ''\\\",\\\"category\\\":\\\"settings\\\"},{\\\"type\\\":\\\"modified\\\",\\\"label\\\":\\\"input_name\\\",\\\"key\\\":\\\"conditional_logics.condition_groups.0.rules.0.value\\\",\\\"new_value\\\":\\\"\\\",\\\"info\\\":\\\"Modified input_name conditional_logics.condition_groups.0.rules.0.value value from 'empty' to ''\\\",\\\"category\\\":\\\"settings\\\"},{\\\"type\\\":\\\"modified\\\",\\\"label\\\":\\\"input_name\\\",\\\"key\\\":\\\"conditional_logics.condition_groups.0.rules.0.operator\\\",\\\"new_value\\\":\\\"\\\",\\\"info\\\":\\\"Modified input_name conditional_logics.condition_groups.0.rules.0.operator value from 'empty' to ''\\\",\\\"category\\\":\\\"settings\\\"},{\\\"type\\\":\\\"modified\\\",\\\"label\\\":\\\"input_name\\\",\\\"key\\\":\\\"conditional_logics.condition_groups.0.title\\\",\\\"new_value\\\":\\\"\\\",\\\"info\\\":\\\"Modified input_name conditional_logics.condition_groups.0.title value from 'empty' to ''\\\",\\\"category\\\":\\\"settings\\\"},{\\\"type\\\":\\\"modified\\\",\\\"label\\\":\\\"input_name\\\",\\\"key\\\":\\\"conditional_logics.condition_groups.0.isEditingTitle\\\",\\\"new_value\\\":false,\\\"info\\\":\\\"Modified input_name conditional_logics.condition_groups.0.isEditingTitle value from 'empty' to 'inActive'\\\",\\\"category\\\":\\\"settings\\\"},{\\\"type\\\":\\\"modified\\\",\\\"label\\\":\\\"input_name\\\",\\\"key\\\":\\\"conditional_logics.condition_groups.0.isPreviewOpen\\\",\\\"new_value\\\":false,\\\"info\\\":\\\"Modified input_name conditional_logics.condition_groups.0.isPreviewOpen value from 'empty' to 'inActive'\\\",\\\"category\\\":\\\"settings\\\"},{\\\"type\\\":\\\"modified\\\",\\\"label\\\":\\\"input_name\\\",\\\"key\\\":\\\"conditional_logics.condition_groups.0.isGroupOpen\\\",\\\"new_value\\\":true,\\\"info\\\":\\\"Modified input_name conditional_logics.condition_groups.0.isGroupOpen value from 'empty' to 'Active'\\\",\\\"category\\\":\\\"settings\\\"},{\\\"type\\\":\\\"modified\\\",\\\"label\\\":\\\"input_name\\\",\\\"key\\\":\\\"label_placement\\\",\\\"new_value\\\":\\\"\\\",\\\"info\\\":\\\"Modified input_name label_placement value from 'empty' to ''\\\",\\\"category\\\":\\\"settings\\\"},{\\\"type\\\":\\\"modified\\\",\\\"label\\\":\\\"input_name\\\",\\\"key\\\":\\\"first_name.attributes.placeholder\\\",\\\"new_value\\\":\\\"\\\\u0627\\\\u0644\\\\u0627\\\\u0633\\\\u0645\\\",\\\"old_value\\\":\\\"First Name\\\",\\\"info\\\":\\\"Modified input_name first_name.attributes.placeholder value from 'First Name' to '\\\\u0627\\\\u0644\\\\u0627\\\\u0633\\\\u0645'\\\",\\\"category\\\":\\\"fields\\\"},{\\\"type\\\":\\\"modified\\\",\\\"label\\\":\\\"input_name\\\",\\\"key\\\":\\\"first_name.settings.label\\\",\\\"new_value\\\":\\\"\\\\u0627\\\\u0644\\\\u0627\\\\u0633\\\\u0645\\\",\\\"old_value\\\":\\\"First Name\\\",\\\"info\\\":\\\"Modified input_name first_name.settings.label value from 'First Name' to '\\\\u0627\\\\u0644\\\\u0627\\\\u0633\\\\u0645'\\\",\\\"category\\\":\\\"fields\\\"},{\\\"type\\\":\\\"modified\\\",\\\"label\\\":\\\"input_name\\\",\\\"key\\\":\\\"first_name.settings.validation_rules.required.global\\\",\\\"new_value\\\":false,\\\"info\\\":\\\"Modified input_name first_name.settings.validation_rules.required.global value from 'empty' to 'inActive'\\\",\\\"category\\\":\\\"fields\\\"},{\\\"type\\\":\\\"modified\\\",\\\"label\\\":\\\"input_name\\\",\\\"key\\\":\\\"first_name.settings.validation_rules.required.global_message\\\",\\\"new_value\\\":\\\"This field is required\\\",\\\"info\\\":\\\"Modified input_name first_name.settings.validation_rules.required.global_message value from 'empty' to 'This field is required'\\\",\\\"category\\\":\\\"fields\\\"},{\\\"type\\\":\\\"modified\\\",\\\"label\\\":\\\"input_name\\\",\\\"key\\\":\\\"middle_name.settings.validation_rules.required.global\\\",\\\"new_value\\\":false,\\\"info\\\":\\\"Modified input_name middle_name.settings.validation_rules.required.global value from 'empty' to 'inActive'\\\",\\\"category\\\":\\\"fields\\\"},{\\\"type\\\":\\\"modified\\\",\\\"label\\\":\\\"input_name\\\",\\\"key\\\":\\\"middle_name.settings.validation_rules.required.global_message\\\",\\\"new_value\\\":\\\"This field is required\\\",\\\"info\\\":\\\"Modified input_name middle_name.settings.validation_rules.required.global_message value from 'empty' to 'This field is required'\\\",\\\"category\\\":\\\"fields\\\"},{\\\"type\\\":\\\"modified\\\",\\\"label\\\":\\\"input_name\\\",\\\"key\\\":\\\"last_name.attributes.placeholder\\\",\\\"new_value\\\":\\\"\\\\u0627\\\\u0644\\\\u0644\\\\u0642\\\\u0628\\\",\\\"old_value\\\":\\\"Last Name\\\",\\\"info\\\":\\\"Modified input_name last_name.attributes.placeholder value from 'Last Name' to '\\\\u0627\\\\u0644\\\\u0644\\\\u0642\\\\u0628'\\\",\\\"category\\\":\\\"fields\\\"},{\\\"type\\\":\\\"modified\\\",\\\"label\\\":\\\"input_name\\\",\\\"key\\\":\\\"last_name.settings.label\\\",\\\"new_value\\\":\\\"\\\\u0627\\\\u0644\\\\u0644\\\\u0642\\\\u0628\\\",\\\"old_value\\\":\\\"Last Name\\\",\\\"info\\\":\\\"Modified input_name last_name.settings.label value from 'Last Name' to '\\\\u0627\\\\u0644\\\\u0644\\\\u0642\\\\u0628'\\\",\\\"category\\\":\\\"fields\\\"},{\\\"type\\\":\\\"modified\\\",\\\"label\\\":\\\"input_name\\\",\\\"key\\\":\\\"last_name.settings.validation_rules.required.global\\\",\\\"new_value\\\":false,\\\"info\\\":\\\"Modified input_name last_name.settings.validation_rules.required.global value from 'empty' to 'inActive'\\\",\\\"category\\\":\\\"fields\\\"},{\\\"type\\\":\\\"modified\\\",\\\"label\\\":\\\"input_name\\\",\\\"key\\\":\\\"last_name.settings.validation_rules.required.global_message\\\",\\\"new_value\\\":\\\"This field is required\\\",\\\"info\\\":\\\"Modified input_name last_name.settings.validation_rules.required.global_message value from 'empty' to 'This field is required'\\\",\\\"category\\\":\\\"fields\\\"},{\\\"type\\\":\\\"modified\\\",\\\"label\\\":\\\"\\\\u0627\\\\u0644\\\\u0628\\\\u0631\\\\u064a\\\\u062f \\\\u0627\\\\u0644\\\\u0627\\\\u0644\\\\u0643\\\\u062a\\\\u0631\\\\u0648\\\\u0646\\\\u064a\\\",\\\"key\\\":\\\"label\\\",\\\"new_value\\\":\\\"\\\\u0627\\\\u0644\\\\u0628\\\\u0631\\\\u064a\\\\u062f \\\\u0627\\\\u0644\\\\u0627\\\\u0644\\\\u0643\\\\u062a\\\\u0631\\\\u0648\\\\u0646\\\\u064a\\\",\\\"old_value\\\":\\\"Email\\\",\\\"info\\\":\\\"Modified \\\\u0627\\\\u0644\\\\u0628\\\\u0631\\\\u064a\\\\u062f \\\\u0627\\\\u0644\\\\u0627\\\\u0644\\\\u0643\\\\u062a\\\\u0631\\\\u0648\\\\u0646\\\\u064a label value from 'Email' to '\\\\u0627\\\\u0644\\\\u0628\\\\u0631\\\\u064a\\\\u062f \\\\u0627\\\\u0644\\\\u0627\\\\u0644\\\\u0643\\\\u062a\\\\u0631\\\\u0648\\\\u0646\\\\u064a'\\\",\\\"category\\\":\\\"settings\\\"},{\\\"type\\\":\\\"modified\\\",\\\"label\\\":\\\"\\\\u0627\\\\u0644\\\\u0628\\\\u0631\\\\u064a\\\\u062f \\\\u0627\\\\u0644\\\\u0627\\\\u0644\\\\u0643\\\\u062a\\\\u0631\\\\u0648\\\\u0646\\\\u064a\\\",\\\"key\\\":\\\"admin_field_label\\\",\\\"new_value\\\":\\\"\\\\u0627\\\\u0644\\\\u0628\\\\u0631\\\\u064a\\\\u062f \\\\u0627\\\\u0644\\\\u0627\\\\u0644\\\\u0643\\\\u062a\\\\u0631\\\\u0648\\\\u0646\\\\u064a\\\",\\\"old_value\\\":\\\"\\\",\\\"info\\\":\\\"Modified \\\\u0627\\\\u0644\\\\u0628\\\\u0631\\\\u064a\\\\u062f \\\\u0627\\\\u0644\\\\u0627\\\\u0644\\\\u0643\\\\u062a\\\\u0631\\\\u0648\\\\u0646\\\\u064a admin_field_label value from 'empty' to '\\\\u0627\\\\u0644\\\\u0628\\\\u0631\\\\u064a\\\\u062f \\\\u0627\\\\u0644\\\\u0627\\\\u0644\\\\u0643\\\\u062a\\\\u0631\\\\u0648\\\\u0646\\\\u064a'\\\",\\\"category\\\":\\\"settings\\\"},{\\\"type\\\":\\\"modified\\\",\\\"label\\\":\\\"\\\\u0627\\\\u0644\\\\u0628\\\\u0631\\\\u064a\\\\u062f \\\\u0627\\\\u0644\\\\u0627\\\\u0644\\\\u0643\\\\u062a\\\\u0631\\\\u0648\\\\u0646\\\\u064a\\\",\\\"key\\\":\\\"validation_rules.required.global\\\",\\\"new_value\\\":false,\\\"info\\\":\\\"Modified \\\\u0627\\\\u0644\\\\u0628\\\\u0631\\\\u064a\\\\u062f \\\\u0627\\\\u0644\\\\u0627\\\\u0644\\\\u0643\\\\u062a\\\\u0631\\\\u0648\\\\u0646\\\\u064a validation_rules.required.global value from 'empty' to 'inActive'\\\",\\\"category\\\":\\\"settings\\\"},{\\\"type\\\":\\\"modified\\\",\\\"label\\\":\\\"\\\\u0627\\\\u0644\\\\u0628\\\\u0631\\\\u064a\\\\u062f \\\\u0627\\\\u0644\\\\u0627\\\\u0644\\\\u0643\\\\u062a\\\\u0631\\\\u0648\\\\u0646\\\\u064a\\\",\\\"key\\\":\\\"validation_rules.required.global_message\\\",\\\"new_value\\\":\\\"This field is required\\\",\\\"info\\\":\\\"Modified \\\\u0627\\\\u0644\\\\u0628\\\\u0631\\\\u064a\\\\u062f \\\\u0627\\\\u0644\\\\u0627\\\\u0644\\\\u0643\\\\u062a\\\\u0631\\\\u0648\\\\u0646\\\\u064a validation_rules.required.global_message value from 'empty' to 'This field is required'\\\",\\\"category\\\":\\\"settings\\\"},{\\\"type\\\":\\\"modified\\\",\\\"label\\\":\\\"\\\\u0627\\\\u0644\\\\u0628\\\\u0631\\\\u064a\\\\u062f \\\\u0627\\\\u0644\\\\u0627\\\\u0644\\\\u0643\\\\u062a\\\\u0631\\\\u0648\\\\u0646\\\\u064a\\\",\\\"key\\\":\\\"validation_rules.email.global\\\",\\\"new_value\\\":false,\\\"info\\\":\\\"Modified \\\\u0627\\\\u0644\\\\u0628\\\\u0631\\\\u064a\\\\u062f \\\\u0627\\\\u0644\\\\u0627\\\\u0644\\\\u0643\\\\u062a\\\\u0631\\\\u0648\\\\u0646\\\\u064a validation_rules.email.global value from 'empty' to 'inActive'\\\",\\\"category\\\":\\\"settings\\\"},{\\\"type\\\":\\\"modified\\\",\\\"label\\\":\\\"\\\\u0627\\\\u0644\\\\u0628\\\\u0631\\\\u064a\\\\u062f \\\\u0627\\\\u0644\\\\u0627\\\\u0644\\\\u0643\\\\u062a\\\\u0631\\\\u0648\\\\u0646\\\\u064a\\\",\\\"key\\\":\\\"validation_rules.email.global_message\\\",\\\"new_value\\\":\\\"This field must contain a valid email\\\",\\\"info\\\":\\\"Modified \\\\u0627\\\\u0644\\\\u0628\\\\u0631\\\\u064a\\\\u062f \\\\u0627\\\\u0644\\\\u0627\\\\u0644\\\\u0643\\\\u062a\\\\u0631\\\\u0648\\\\u0646\\\\u064a validation_rules.email.global_message value from 'empty' to 'This field must contain a valid email'\\\",\\\"category\\\":\\\"settings\\\"},{\\\"type\\\":\\\"modified\\\",\\\"label\\\":\\\"\\\\u0627\\\\u0644\\\\u0628\\\\u0631\\\\u064a\\\\u062f \\\\u0627\\\\u0644\\\\u0627\\\\u0644\\\\u0643\\\\u062a\\\\u0631\\\\u0648\\\\u0646\\\\u064a\\\",\\\"key\\\":\\\"is_unique\\\",\\\"new_value\\\":\\\"no\\\",\\\"info\\\":\\\"Modified \\\\u0627\\\\u0644\\\\u0628\\\\u0631\\\\u064a\\\\u062f \\\\u0627\\\\u0644\\\\u0627\\\\u0644\\\\u0643\\\\u062a\\\\u0631\\\\u0648\\\\u0646\\\\u064a is_unique value from 'empty' to 'no'\\\",\\\"category\\\":\\\"settings\\\"},{\\\"type\\\":\\\"modified\\\",\\\"label\\\":\\\"\\\\u0627\\\\u0644\\\\u0628\\\\u0631\\\\u064a\\\\u062f \\\\u0627\\\\u0644\\\\u0627\\\\u0644\\\\u0643\\\\u062a\\\\u0631\\\\u0648\\\\u0646\\\\u064a\\\",\\\"key\\\":\\\"unique_validation_message\\\",\\\"new_value\\\":\\\"Email address need to be unique.\\\",\\\"info\\\":\\\"Modified \\\\u0627\\\\u0644\\\\u0628\\\\u0631\\\\u064a\\\\u062f \\\\u0627\\\\u0644\\\\u0627\\\\u0644\\\\u0643\\\\u062a\\\\u0631\\\\u0648\\\\u0646\\\\u064a unique_validation_message value from 'empty' to 'Email address need to be unique.'\\\",\\\"category\\\":\\\"settings\\\"},{\\\"type\\\":\\\"modified\\\",\\\"label\\\":\\\"\\\\u0627\\\\u0644\\\\u0628\\\\u0631\\\\u064a\\\\u062f \\\\u0627\\\\u0644\\\\u0627\\\\u0644\\\\u0643\\\\u062a\\\\u0631\\\\u0648\\\\u0646\\\\u064a\\\",\\\"key\\\":\\\"prefix_label\\\",\\\"new_value\\\":\\\"\\\",\\\"info\\\":\\\"Modified \\\\u0627\\\\u0644\\\\u0628\\\\u0631\\\\u064a\\\\u062f \\\\u0627\\\\u0644\\\\u0627\\\\u0644\\\\u0643\\\\u062a\\\\u0631\\\\u0648\\\\u0646\\\\u064a prefix_label value from 'empty' to ''\\\",\\\"category\\\":\\\"settings\\\"},{\\\"type\\\":\\\"modified\\\",\\\"label\\\":\\\"\\\\u0627\\\\u0644\\\\u0628\\\\u0631\\\\u064a\\\\u062f \\\\u0627\\\\u0644\\\\u0627\\\\u0644\\\\u0643\\\\u062a\\\\u0631\\\\u0648\\\\u0646\\\\u064a\\\",\\\"key\\\":\\\"suffix_label\\\",\\\"new_value\\\":\\\"\\\",\\\"info\\\":\\\"Modified \\\\u0627\\\\u0644\\\\u0628\\\\u0631\\\\u064a\\\\u062f \\\\u0627\\\\u0644\\\\u0627\\\\u0644\\\\u0643\\\\u062a\\\\u0631\\\\u0648\\\\u0646\\\\u064a suffix_label value from 'empty' to ''\\\",\\\"category\\\":\\\"settings\\\"},{\\\"type\\\":\\\"modified\\\",\\\"label\\\":\\\"\\\\u0627\\\\u0644\\\\u0628\\\\u0631\\\\u064a\\\\u062f \\\\u0627\\\\u0644\\\\u0627\\\\u0644\\\\u0643\\\\u062a\\\\u0631\\\\u0648\\\\u0646\\\\u064a\\\",\\\"key\\\":\\\"placeholder\\\",\\\"new_value\\\":\\\"\\\\u0627\\\\u0644\\\\u0628\\\\u0631\\\\u064a\\\\u062f \\\\u0627\\\\u0644\\\\u0627\\\\u0644\\\\u0643\\\\u062a\\\\u0631\\\\u0648\\\\u0646\\\\u064a\\\",\\\"old_value\\\":\\\"Email Address\\\",\\\"info\\\":\\\"Modified \\\\u0627\\\\u0644\\\\u0628\\\\u0631\\\\u064a\\\\u062f \\\\u0627\\\\u0644\\\\u0627\\\\u0644\\\\u0643\\\\u062a\\\\u0631\\\\u0648\\\\u0646\\\\u064a placeholder value from 'Email Address' to '\\\\u0627\\\\u0644\\\\u0628\\\\u0631\\\\u064a\\\\u062f \\\\u0627\\\\u0644\\\\u0627\\\\u0644\\\\u0643\\\\u062a\\\\u0631\\\\u0648\\\\u0646\\\\u064a'\\\",\\\"category\\\":\\\"attributes\\\"},{\\\"type\\\":\\\"modified\\\",\\\"label\\\":\\\"\\\\u0639\\\\u0646\\\\u0648\\\\u0627\\\\u0646 \\\\u0627\\\\u0644\\\\u062a\\\\u0630\\\\u0643\\\\u0631\\\\u0629\\\",\\\"key\\\":\\\"label\\\",\\\"new_value\\\":\\\"\\\\u0639\\\\u0646\\\\u0648\\\\u0627\\\\u0646 \\\\u0627\\\\u0644\\\\u062a\\\\u0630\\\\u0643\\\\u0631\\\\u0629\\\",\\\"old_value\\\":\\\"Subject\\\",\\\"info\\\":\\\"Modified \\\\u0639\\\\u0646\\\\u0648\\\\u0627\\\\u0646 \\\\u0627\\\\u0644\\\\u062a\\\\u0630\\\\u0643\\\\u0631\\\\u0629 label value from 'Subject' to '\\\\u0639\\\\u0646\\\\u0648\\\\u0627\\\\u0646 \\\\u0627\\\\u0644\\\\u062a\\\\u0630\\\\u0643\\\\u0631\\\\u0629'\\\",\\\"category\\\":\\\"settings\\\"},{\\\"type\\\":\\\"modified\\\",\\\"label\\\":\\\"\\\\u0639\\\\u0646\\\\u0648\\\\u0627\\\\u0646 \\\\u0627\\\\u0644\\\\u062a\\\\u0630\\\\u0643\\\\u0631\\\\u0629\\\",\\\"key\\\":\\\"admin_field_label\\\",\\\"new_value\\\":\\\"\\\\u0639\\\\u0646\\\\u0648\\\\u0627\\\\u0646 \\\\u0627\\\\u0644\\\\u062a\\\\u0630\\\\u0643\\\\u0631\\\\u0629\\\",\\\"old_value\\\":\\\"Subject\\\",\\\"info\\\":\\\"Modified \\\\u0639\\\\u0646\\\\u0648\\\\u0627\\\\u0646 \\\\u0627\\\\u0644\\\\u062a\\\\u0630\\\\u0643\\\\u0631\\\\u0629 admin_field_label value from 'Subject' to '\\\\u0639\\\\u0646\\\\u0648\\\\u0627\\\\u0646 \\\\u0627\\\\u0644\\\\u062a\\\\u0630\\\\u0643\\\\u0631\\\\u0629'\\\",\\\"category\\\":\\\"settings\\\"},{\\\"type\\\":\\\"modified\\\",\\\"label\\\":\\\"\\\\u0639\\\\u0646\\\\u0648\\\\u0627\\\\u0646 \\\\u0627\\\\u0644\\\\u062a\\\\u0630\\\\u0643\\\\u0631\\\\u0629\\\",\\\"key\\\":\\\"validation_rules.required.global\\\",\\\"new_value\\\":false,\\\"info\\\":\\\"Modified \\\\u0639\\\\u0646\\\\u0648\\\\u0627\\\\u0646 \\\\u0627\\\\u0644\\\\u062a\\\\u0630\\\\u0643\\\\u0631\\\\u0629 validation_rules.required.global value from 'empty' to 'inActive'\\\",\\\"category\\\":\\\"settings\\\"},{\\\"type\\\":\\\"modified\\\",\\\"label\\\":\\\"\\\\u0639\\\\u0646\\\\u0648\\\\u0627\\\\u0646 \\\\u0627\\\\u0644\\\\u062a\\\\u0630\\\\u0643\\\\u0631\\\\u0629\\\",\\\"key\\\":\\\"validation_rules.required.global_message\\\",\\\"new_value\\\":\\\"This field is required\\\",\\\"info\\\":\\\"Modified \\\\u0639\\\\u0646\\\\u0648\\\\u0627\\\\u0646 \\\\u0627\\\\u0644\\\\u062a\\\\u0630\\\\u0643\\\\u0631\\\\u0629 validation_rules.required.global_message value from 'empty' to 'This field is required'\\\",\\\"category\\\":\\\"settings\\\"},{\\\"type\\\":\\\"modified\\\",\\\"label\\\":\\\"\\\\u0639\\\\u0646\\\\u0648\\\\u0627\\\\u0646 \\\\u0627\\\\u0644\\\\u062a\\\\u0630\\\\u0643\\\\u0631\\\\u0629\\\",\\\"key\\\":\\\"is_unique\\\",\\\"new_value\\\":\\\"no\\\",\\\"info\\\":\\\"Modified \\\\u0639\\\\u0646\\\\u0648\\\\u0627\\\\u0646 \\\\u0627\\\\u0644\\\\u062a\\\\u0630\\\\u0643\\\\u0631\\\\u0629 is_unique value from 'empty' to 'no'\\\",\\\"category\\\":\\\"settings\\\"},{\\\"type\\\":\\\"modified\\\",\\\"label\\\":\\\"\\\\u0639\\\\u0646\\\\u0648\\\\u0627\\\\u0646 \\\\u0627\\\\u0644\\\\u062a\\\\u0630\\\\u0643\\\\u0631\\\\u0629\\\",\\\"key\\\":\\\"unique_validation_message\\\",\\\"new_value\\\":\\\"This field value need to be unique.\\\",\\\"info\\\":\\\"Modified \\\\u0639\\\\u0646\\\\u0648\\\\u0627\\\\u0646 \\\\u0627\\\\u0644\\\\u062a\\\\u0630\\\\u0643\\\\u0631\\\\u0629 unique_validation_message value from 'empty' to 'This field value need to be unique.'\\\",\\\"category\\\":\\\"settings\\\"},{\\\"type\\\":\\\"modified\\\",\\\"label\\\":\\\"\\\\u0639\\\\u0646\\\\u0648\\\\u0627\\\\u0646 \\\\u0627\\\\u0644\\\\u062a\\\\u0630\\\\u0643\\\\u0631\\\\u0629\\\",\\\"key\\\":\\\"prefix_label\\\",\\\"new_value\\\":\\\"\\\",\\\"info\\\":\\\"Modified \\\\u0639\\\\u0646\\\\u0648\\\\u0627\\\\u0646 \\\\u0627\\\\u0644\\\\u062a\\\\u0630\\\\u0643\\\\u0631\\\\u0629 prefix_label value from 'empty' to ''\\\",\\\"category\\\":\\\"settings\\\"},{\\\"type\\\":\\\"modified\\\",\\\"label\\\":\\\"\\\\u0639\\\\u0646\\\\u0648\\\\u0627\\\\u0646 \\\\u0627\\\\u0644\\\\u062a\\\\u0630\\\\u0643\\\\u0631\\\\u0629\\\",\\\"key\\\":\\\"suffix_label\\\",\\\"new_value\\\":\\\"\\\",\\\"info\\\":\\\"Modified \\\\u0639\\\\u0646\\\\u0648\\\\u0627\\\\u0646 \\\\u0627\\\\u0644\\\\u062a\\\\u0630\\\\u0643\\\\u0631\\\\u0629 suffix_label value from 'empty' to ''\\\",\\\"category\\\":\\\"settings\\\"},{\\\"type\\\":\\\"modified\\\",\\\"label\\\":\\\"\\\\u0639\\\\u0646\\\\u0648\\\\u0627\\\\u0646 \\\\u0627\\\\u0644\\\\u062a\\\\u0630\\\\u0643\\\\u0631\\\\u0629\\\",\\\"key\\\":\\\"placeholder\\\",\\\"new_value\\\":\\\"\\\\u0639\\\\u0646\\\\u0648\\\\u0627\\\\u0646 \\\\u0627\\\\u0644\\\\u062a\\\\u0630\\\\u0643\\\\u0631\\\\u0629\\\",\\\"old_value\\\":\\\"Subject\\\",\\\"info\\\":\\\"Modified \\\\u0639\\\\u0646\\\\u0648\\\\u0627\\\\u0646 \\\\u0627\\\\u0644\\\\u062a\\\\u0630\\\\u0643\\\\u0631\\\\u0629 placeholder value from 'Subject' to '\\\\u0639\\\\u0646\\\\u0648\\\\u0627\\\\u0646 \\\\u0627\\\\u0644\\\\u062a\\\\u0630\\\\u0643\\\\u0631\\\\u0629'\\\",\\\"category\\\":\\\"attributes\\\"},{\\\"type\\\":\\\"modified\\\",\\\"label\\\":\\\"\\\\u0639\\\\u0646\\\\u0648\\\\u0627\\\\u0646 \\\\u0627\\\\u0644\\\\u062a\\\\u0630\\\\u0643\\\\u0631\\\\u0629\\\",\\\"key\\\":\\\"maxlength\\\",\\\"new_value\\\":\\\"\\\",\\\"info\\\":\\\"Modified \\\\u0639\\\\u0646\\\\u0648\\\\u0627\\\\u0646 \\\\u0627\\\\u0644\\\\u062a\\\\u0630\\\\u0643\\\\u0631\\\\u0629 maxlength value from 'empty' to ''\\\",\\\"category\\\":\\\"attributes\\\"},{\\\"type\\\":\\\"modified\\\",\\\"label\\\":\\\"\\\\u0627\\\\u0644\\\\u0631\\\\u0633\\\\u0627\\\\u0644\\\\u0629\\\",\\\"key\\\":\\\"label\\\",\\\"new_value\\\":\\\"\\\\u0627\\\\u0644\\\\u0631\\\\u0633\\\\u0627\\\\u0644\\\\u0629\\\",\\\"old_value\\\":\\\"Your Message\\\",\\\"info\\\":\\\"Modified \\\\u0627\\\\u0644\\\\u0631\\\\u0633\\\\u0627\\\\u0644\\\\u0629 label value from 'Your Message' to '\\\\u0627\\\\u0644\\\\u0631\\\\u0633\\\\u0627\\\\u0644\\\\u0629'\\\",\\\"category\\\":\\\"settings\\\"},{\\\"type\\\":\\\"modified\\\",\\\"label\\\":\\\"\\\\u0627\\\\u0644\\\\u0631\\\\u0633\\\\u0627\\\\u0644\\\\u0629\\\",\\\"key\\\":\\\"admin_field_label\\\",\\\"new_value\\\":\\\"\\\\u0627\\\\u0644\\\\u0631\\\\u0633\\\\u0627\\\\u0644\\\\u0629\\\",\\\"old_value\\\":\\\"\\\",\\\"info\\\":\\\"Modified \\\\u0627\\\\u0644\\\\u0631\\\\u0633\\\\u0627\\\\u0644\\\\u0629 admin_field_label value from 'empty' to '\\\\u0627\\\\u0644\\\\u0631\\\\u0633\\\\u0627\\\\u0644\\\\u0629'\\\",\\\"category\\\":\\\"settings\\\"},{\\\"type\\\":\\\"modified\\\",\\\"label\\\":\\\"\\\\u0627\\\\u0644\\\\u0631\\\\u0633\\\\u0627\\\\u0644\\\\u0629\\\",\\\"key\\\":\\\"validation_rules.required.global\\\",\\\"new_value\\\":false,\\\"info\\\":\\\"Modified \\\\u0627\\\\u0644\\\\u0631\\\\u0633\\\\u0627\\\\u0644\\\\u0629 validation_rules.required.global value from 'empty' to 'inActive'\\\",\\\"category\\\":\\\"settings\\\"},{\\\"type\\\":\\\"modified\\\",\\\"label\\\":\\\"\\\\u0627\\\\u0644\\\\u0631\\\\u0633\\\\u0627\\\\u0644\\\\u0629\\\",\\\"key\\\":\\\"validation_rules.required.global_message\\\",\\\"new_value\\\":\\\"This field is required\\\",\\\"info\\\":\\\"Modified \\\\u0627\\\\u0644\\\\u0631\\\\u0633\\\\u0627\\\\u0644\\\\u0629 validation_rules.required.global_message value from 'empty' to 'This field is required'\\\",\\\"category\\\":\\\"settings\\\"},{\\\"type\\\":\\\"modified\\\",\\\"label\\\":\\\"\\\\u0627\\\\u0644\\\\u0631\\\\u0633\\\\u0627\\\\u0644\\\\u0629\\\",\\\"key\\\":\\\"placeholder\\\",\\\"new_value\\\":\\\"\\\\u0642\\\\u0645 \\\\u0628\\\\u0643\\\\u062a\\\\u0627\\\\u0628\\\\u0629 \\\\u0627\\\\u0644\\\\u0631\\\\u0633\\\\u0627\\\\u0644\\\\u0629\\\",\\\"old_value\\\":\\\"Your Message\\\",\\\"info\\\":\\\"Modified \\\\u0627\\\\u0644\\\\u0631\\\\u0633\\\\u0627\\\\u0644\\\\u0629 placeholder value from 'Your Message' to '\\\\u0642\\\\u0645 \\\\u0628\\\\u0643\\\\u062a\\\\u0627\\\\u0628\\\\u0629 \\\\u0627\\\\u0644\\\\u0631\\\\u0633\\\\u0627\\\\u0644\\\\u0629'\\\",\\\"category\\\":\\\"attributes\\\"},{\\\"type\\\":\\\"modified\\\",\\\"label\\\":\\\"\\\\u0627\\\\u0644\\\\u0631\\\\u0633\\\\u0627\\\\u0644\\\\u0629\\\",\\\"key\\\":\\\"maxlength\\\",\\\"new_value\\\":\\\"\\\",\\\"info\\\":\\\"Modified \\\\u0627\\\\u0644\\\\u0631\\\\u0633\\\\u0627\\\\u0644\\\\u0629 maxlength value from 'empty' to ''\\\",\\\"category\\\":\\\"attributes\\\"},{\\\"type\\\":\\\"modified\\\",\\\"label\\\":\\\"button\\\",\\\"key\\\":\\\"button_ui.text\\\",\\\"new_value\\\":\\\"\\\\u0627\\\\u0631\\\\u0633\\\\u0627\\\\u0644\\\",\\\"old_value\\\":\\\"Submit Form\\\",\\\"info\\\":\\\"Modified button button_ui.text value from 'Submit Form' to '\\\\u0627\\\\u0631\\\\u0633\\\\u0627\\\\u0644'\\\",\\\"category\\\":\\\"settings\\\"},{\\\"type\\\":\\\"modified\\\",\\\"label\\\":\\\"button\\\",\\\"key\\\":\\\"normal_styles.backgroundColor\\\",\\\"new_value\\\":\\\"#1a7efb\\\",\\\"info\\\":\\\"Modified button normal_styles.backgroundColor value from 'empty' to '#1a7efb'\\\",\\\"category\\\":\\\"settings\\\"},{\\\"type\\\":\\\"modified\\\",\\\"label\\\":\\\"button\\\",\\\"key\\\":\\\"normal_styles.borderColor\\\",\\\"new_value\\\":\\\"#1a7efb\\\",\\\"info\\\":\\\"Modified button normal_styles.borderColor value from 'empty' to '#1a7efb'\\\",\\\"category\\\":\\\"settings\\\"},{\\\"type\\\":\\\"modified\\\",\\\"label\\\":\\\"button\\\",\\\"key\\\":\\\"normal_styles.color\\\",\\\"new_value\\\":\\\"#ffffff\\\",\\\"info\\\":\\\"Modified button normal_styles.color value from 'empty' to '#ffffff'\\\",\\\"category\\\":\\\"settings\\\"},{\\\"type\\\":\\\"modified\\\",\\\"label\\\":\\\"button\\\",\\\"key\\\":\\\"normal_styles.borderRadius\\\",\\\"new_value\\\":\\\"\\\",\\\"info\\\":\\\"Modified button normal_styles.borderRadius value from 'empty' to ''\\\",\\\"category\\\":\\\"settings\\\"},{\\\"type\\\":\\\"modified\\\",\\\"label\\\":\\\"button\\\",\\\"key\\\":\\\"normal_styles.minWidth\\\",\\\"new_value\\\":\\\"\\\",\\\"info\\\":\\\"Modified button normal_styles.minWidth value from 'empty' to ''\\\",\\\"category\\\":\\\"settings\\\"},{\\\"type\\\":\\\"modified\\\",\\\"label\\\":\\\"button\\\",\\\"key\\\":\\\"hover_styles.backgroundColor\\\",\\\"new_value\\\":\\\"#ffffff\\\",\\\"info\\\":\\\"Modified button hover_styles.backgroundColor value from 'empty' to '#ffffff'\\\",\\\"category\\\":\\\"settings\\\"},{\\\"type\\\":\\\"modified\\\",\\\"label\\\":\\\"button\\\",\\\"key\\\":\\\"hover_styles.borderColor\\\",\\\"new_value\\\":\\\"#1a7efb\\\",\\\"info\\\":\\\"Modified button hover_styles.borderColor value from 'empty' to '#1a7efb'\\\",\\\"category\\\":\\\"settings\\\"},{\\\"type\\\":\\\"modified\\\",\\\"label\\\":\\\"button\\\",\\\"key\\\":\\\"hover_styles.color\\\",\\\"new_value\\\":\\\"#1a7efb\\\",\\\"info\\\":\\\"Modified button hover_styles.color value from 'empty' to '#1a7efb'\\\",\\\"category\\\":\\\"settings\\\"},{\\\"type\\\":\\\"modified\\\",\\\"label\\\":\\\"button\\\",\\\"key\\\":\\\"hover_styles.borderRadius\\\",\\\"new_value\\\":\\\"\\\",\\\"info\\\":\\\"Modified button hover_styles.borderRadius value from 'empty' to ''\\\",\\\"category\\\":\\\"settings\\\"},{\\\"type\\\":\\\"modified\\\",\\\"label\\\":\\\"button\\\",\\\"key\\\":\\\"hover_styles.minWidth\\\",\\\"new_value\\\":\\\"\\\",\\\"info\\\":\\\"Modified button hover_styles.minWidth value from 'empty' to ''\\\",\\\"category\\\":\\\"settings\\\"},{\\\"type\\\":\\\"modified\\\",\\\"label\\\":\\\"button\\\",\\\"key\\\":\\\"current_state\\\",\\\"new_value\\\":\\\"normal_styles\\\",\\\"info\\\":\\\"Modified button current_state value from 'empty' to 'normal_styles'\\\",\\\"category\\\":\\\"settings\\\"}]\"}"},{"id":11,"form_id":"1","meta_key":"_primary_email_field","value":"email"}],"metas":[{"id":1,"form_id":"1","meta_key":"template_name","value":"basic_contact_form"},{"id":2,"form_id":"1","meta_key":"formSettings","value":"{\"confirmation\":{\"redirectTo\":\"samePage\",\"messageToShow\":\"Thank you for your message. We will get in touch with you shortly\",\"customPage\":null,\"samePageFormBehavior\":\"hide_form\",\"customUrl\":null},\"restrictions\":{\"limitNumberOfEntries\":{\"enabled\":false,\"numberOfEntries\":null,\"period\":\"total\",\"limitReachedMsg\":\"Maximum number of entries exceeded.\"},\"scheduleForm\":{\"enabled\":false,\"start\":null,\"end\":null,\"selectedDays\":[\"Monday\",\"Tuesday\",\"Wednesday\",\"Thursday\",\"Friday\",\"Saturday\",\"Sunday\"],\"pendingMsg\":\"Form submission is not started yet.\",\"expiredMsg\":\"Form submission is now closed.\"},\"requireLogin\":{\"enabled\":false,\"requireLoginMsg\":\"You must be logged in to submit the form.\"},\"denyEmptySubmission\":{\"enabled\":false,\"message\":\"Sorry, you cannot submit an empty form. Let's hear what you wanna say.\"}},\"layout\":{\"labelPlacement\":\"top\",\"helpMessagePlacement\":\"with_label\",\"errorMessagePlacement\":\"inline\",\"cssClassName\":\"\",\"asteriskPlacement\":\"asterisk-right\"},\"delete_entry_on_submission\":\"no\",\"appendSurveyResult\":{\"enabled\":false,\"showLabel\":false,\"showCount\":false}}"},{"id":3,"form_id":"1","meta_key":"advancedValidationSettings","value":"{\"status\":false,\"type\":\"all\",\"conditions\":[{\"field\":\"\",\"operator\":\"=\",\"value\":\"\"}],\"error_message\":\"\",\"validation_type\":\"fail_on_condition_met\"}"},{"id":4,"form_id":"1","meta_key":"double_optin_settings","value":"{\"status\":\"no\",\"confirmation_message\":\"Please check your email inbox to confirm this submission\",\"email_body_type\":\"global\",\"email_subject\":\"Please confirm your form submission\",\"email_body\":\"<h2>Please Confirm Your Submission<\/h2><p>&nbsp;<\/p><p style=\"text-align: center;\"><a style=\"color: #ffffff; background-color: #454545; font-size: 16px; border-radius: 5px; text-decoration: none; font-weight: normal; font-style: normal; padding: 0.8rem 1rem; border-color: #0072ff;\" href=\"#confirmation_url#\">Confirm Submission<\/a><\/p><p>&nbsp;<\/p><p>If you received this email by mistake, simply delete it. Your form submission won't proceed if you don't click the confirmation link above.<\/p>\",\"email_field\":\"\",\"skip_if_logged_in\":\"yes\",\"skip_if_fc_subscribed\":\"no\"}"},{"id":10,"form_id":"1","meta_key":"revision","value":"{\"change_title\":\"Initial state\",\"timestamp\":\"2025-05-07 20:40:33\",\"old_data\":\"{\\\"fields\\\":[{\\\"index\\\":0,\\\"element\\\":\\\"input_name\\\",\\\"attributes\\\":{\\\"name\\\":\\\"names\\\",\\\"data-type\\\":\\\"name-element\\\"},\\\"settings\\\":{\\\"container_class\\\":\\\"\\\",\\\"admin_field_label\\\":\\\"Name\\\",\\\"conditional_logics\\\":[]},\\\"fields\\\":{\\\"first_name\\\":{\\\"element\\\":\\\"input_text\\\",\\\"attributes\\\":{\\\"type\\\":\\\"text\\\",\\\"name\\\":\\\"first_name\\\",\\\"value\\\":\\\"\\\",\\\"id\\\":\\\"\\\",\\\"class\\\":\\\"\\\",\\\"placeholder\\\":\\\"First Name\\\"},\\\"settings\\\":{\\\"container_class\\\":\\\"\\\",\\\"label\\\":\\\"First Name\\\",\\\"help_message\\\":\\\"\\\",\\\"visible\\\":true,\\\"validation_rules\\\":{\\\"required\\\":{\\\"value\\\":false,\\\"message\\\":\\\"This field is required\\\"}},\\\"conditional_logics\\\":[]},\\\"editor_options\\\":{\\\"template\\\":\\\"inputText\\\"}},\\\"middle_name\\\":{\\\"element\\\":\\\"input_text\\\",\\\"attributes\\\":{\\\"type\\\":\\\"text\\\",\\\"name\\\":\\\"middle_name\\\",\\\"value\\\":\\\"\\\",\\\"id\\\":\\\"\\\",\\\"class\\\":\\\"\\\",\\\"placeholder\\\":\\\"\\\",\\\"required\\\":false},\\\"settings\\\":{\\\"container_class\\\":\\\"\\\",\\\"label\\\":\\\"Middle Name\\\",\\\"help_message\\\":\\\"\\\",\\\"error_message\\\":\\\"\\\",\\\"visible\\\":false,\\\"validation_rules\\\":{\\\"required\\\":{\\\"value\\\":false,\\\"message\\\":\\\"This field is required\\\"}},\\\"conditional_logics\\\":[]},\\\"editor_options\\\":{\\\"template\\\":\\\"inputText\\\"}},\\\"last_name\\\":{\\\"element\\\":\\\"input_text\\\",\\\"attributes\\\":{\\\"type\\\":\\\"text\\\",\\\"name\\\":\\\"last_name\\\",\\\"value\\\":\\\"\\\",\\\"id\\\":\\\"\\\",\\\"class\\\":\\\"\\\",\\\"placeholder\\\":\\\"Last Name\\\",\\\"required\\\":false},\\\"settings\\\":{\\\"container_class\\\":\\\"\\\",\\\"label\\\":\\\"Last Name\\\",\\\"help_message\\\":\\\"\\\",\\\"error_message\\\":\\\"\\\",\\\"visible\\\":true,\\\"validation_rules\\\":{\\\"required\\\":{\\\"value\\\":false,\\\"message\\\":\\\"This field is required\\\"}},\\\"conditional_logics\\\":[]},\\\"editor_options\\\":{\\\"template\\\":\\\"inputText\\\"}}},\\\"editor_options\\\":{\\\"title\\\":\\\"Name Fields\\\",\\\"element\\\":\\\"name-fields\\\",\\\"icon_class\\\":\\\"ff-edit-name\\\",\\\"template\\\":\\\"nameFields\\\"},\\\"uniqElKey\\\":\\\"el_1570866006692\\\"},{\\\"index\\\":1,\\\"element\\\":\\\"input_email\\\",\\\"attributes\\\":{\\\"type\\\":\\\"email\\\",\\\"name\\\":\\\"email\\\",\\\"value\\\":\\\"\\\",\\\"id\\\":\\\"\\\",\\\"class\\\":\\\"\\\",\\\"placeholder\\\":\\\"Email Address\\\"},\\\"settings\\\":{\\\"container_class\\\":\\\"\\\",\\\"label\\\":\\\"Email\\\",\\\"label_placement\\\":\\\"\\\",\\\"help_message\\\":\\\"\\\",\\\"admin_field_label\\\":\\\"\\\",\\\"validation_rules\\\":{\\\"required\\\":{\\\"value\\\":true,\\\"message\\\":\\\"This field is required\\\"},\\\"email\\\":{\\\"value\\\":true,\\\"message\\\":\\\"This field must contain a valid email\\\"}},\\\"conditional_logics\\\":[]},\\\"editor_options\\\":{\\\"title\\\":\\\"Email Address\\\",\\\"icon_class\\\":\\\"ff-edit-email\\\",\\\"template\\\":\\\"inputText\\\"},\\\"uniqElKey\\\":\\\"el_1570866012914\\\"},{\\\"index\\\":2,\\\"element\\\":\\\"input_text\\\",\\\"attributes\\\":{\\\"type\\\":\\\"text\\\",\\\"name\\\":\\\"subject\\\",\\\"value\\\":\\\"\\\",\\\"class\\\":\\\"\\\",\\\"placeholder\\\":\\\"Subject\\\"},\\\"settings\\\":{\\\"container_class\\\":\\\"\\\",\\\"label\\\":\\\"Subject\\\",\\\"label_placement\\\":\\\"\\\",\\\"admin_field_label\\\":\\\"Subject\\\",\\\"help_message\\\":\\\"\\\",\\\"validation_rules\\\":{\\\"required\\\":{\\\"value\\\":false,\\\"message\\\":\\\"This field is required\\\"}},\\\"conditional_logics\\\":{\\\"type\\\":\\\"any\\\",\\\"status\\\":false,\\\"conditions\\\":[{\\\"field\\\":\\\"\\\",\\\"value\\\":\\\"\\\",\\\"operator\\\":\\\"\\\"}]}},\\\"editor_options\\\":{\\\"title\\\":\\\"Simple Text\\\",\\\"icon_class\\\":\\\"ff-edit-text\\\",\\\"template\\\":\\\"inputText\\\"},\\\"uniqElKey\\\":\\\"el_1570878958648\\\"},{\\\"index\\\":3,\\\"element\\\":\\\"textarea\\\",\\\"attributes\\\":{\\\"name\\\":\\\"message\\\",\\\"value\\\":\\\"\\\",\\\"id\\\":\\\"\\\",\\\"class\\\":\\\"\\\",\\\"placeholder\\\":\\\"Your Message\\\",\\\"rows\\\":4,\\\"cols\\\":2},\\\"settings\\\":{\\\"container_class\\\":\\\"\\\",\\\"label\\\":\\\"Your Message\\\",\\\"admin_field_label\\\":\\\"\\\",\\\"label_placement\\\":\\\"\\\",\\\"help_message\\\":\\\"\\\",\\\"validation_rules\\\":{\\\"required\\\":{\\\"value\\\":true,\\\"message\\\":\\\"This field is required\\\"}},\\\"conditional_logics\\\":{\\\"type\\\":\\\"any\\\",\\\"status\\\":false,\\\"conditions\\\":[{\\\"field\\\":\\\"\\\",\\\"value\\\":\\\"\\\",\\\"operator\\\":\\\"\\\"}]}},\\\"editor_options\\\":{\\\"title\\\":\\\"Text Area\\\",\\\"icon_class\\\":\\\"ff-edit-textarea\\\",\\\"template\\\":\\\"inputTextarea\\\"},\\\"uniqElKey\\\":\\\"el_1570879001207\\\"}],\\\"submitButton\\\":{\\\"uniqElKey\\\":\\\"el_1524065200616\\\",\\\"element\\\":\\\"button\\\",\\\"attributes\\\":{\\\"type\\\":\\\"submit\\\",\\\"class\\\":\\\"\\\"},\\\"settings\\\":{\\\"align\\\":\\\"left\\\",\\\"button_style\\\":\\\"default\\\",\\\"container_class\\\":\\\"\\\",\\\"help_message\\\":\\\"\\\",\\\"background_color\\\":\\\"#1a7efb\\\",\\\"button_size\\\":\\\"md\\\",\\\"color\\\":\\\"#ffffff\\\",\\\"button_ui\\\":{\\\"type\\\":\\\"default\\\",\\\"text\\\":\\\"Submit Form\\\",\\\"img_url\\\":\\\"\\\"}},\\\"editor_options\\\":{\\\"title\\\":\\\"Submit Button\\\"}}}\",\"changes\":\"[{\\\"type\\\":\\\"modified\\\",\\\"label\\\":\\\"input_name\\\",\\\"key\\\":\\\"admin_field_label\\\",\\\"new_value\\\":\\\"\\\\u0627\\\\u0644\\\\u0627\\\\u0633\\\\u0645\\\",\\\"old_value\\\":\\\"Name\\\",\\\"info\\\":\\\"Modified input_name admin_field_label value from 'Name' to '\\\\u0627\\\\u0644\\\\u0627\\\\u0633\\\\u0645'\\\",\\\"category\\\":\\\"settings\\\"},{\\\"type\\\":\\\"modified\\\",\\\"label\\\":\\\"input_name\\\",\\\"key\\\":\\\"conditional_logics.type\\\",\\\"new_value\\\":\\\"any\\\",\\\"info\\\":\\\"Modified input_name conditional_logics.type value from 'empty' to 'any'\\\",\\\"category\\\":\\\"settings\\\"},{\\\"type\\\":\\\"modified\\\",\\\"label\\\":\\\"input_name\\\",\\\"key\\\":\\\"conditional_logics.status\\\",\\\"new_value\\\":false,\\\"info\\\":\\\"Modified input_name conditional_logics.status value from 'empty' to 'inActive'\\\",\\\"category\\\":\\\"settings\\\"},{\\\"type\\\":\\\"modified\\\",\\\"label\\\":\\\"input_name\\\",\\\"key\\\":\\\"conditional_logics.conditions.0.field\\\",\\\"new_value\\\":\\\"\\\",\\\"info\\\":\\\"Modified input_name conditional_logics.conditions.0.field value from 'empty' to ''\\\",\\\"category\\\":\\\"settings\\\"},{\\\"type\\\":\\\"modified\\\",\\\"label\\\":\\\"input_name\\\",\\\"key\\\":\\\"conditional_logics.conditions.0.value\\\",\\\"new_value\\\":\\\"\\\",\\\"info\\\":\\\"Modified input_name conditional_logics.conditions.0.value value from 'empty' to ''\\\",\\\"category\\\":\\\"settings\\\"},{\\\"type\\\":\\\"modified\\\",\\\"label\\\":\\\"input_name\\\",\\\"key\\\":\\\"conditional_logics.conditions.0.operator\\\",\\\"new_value\\\":\\\"\\\",\\\"info\\\":\\\"Modified input_name conditional_logics.conditions.0.operator value from 'empty' to ''\\\",\\\"category\\\":\\\"settings\\\"},{\\\"type\\\":\\\"modified\\\",\\\"label\\\":\\\"input_name\\\",\\\"key\\\":\\\"conditional_logics.condition_groups.0.rules.0.field\\\",\\\"new_value\\\":\\\"\\\",\\\"info\\\":\\\"Modified input_name conditional_logics.condition_groups.0.rules.0.field value from 'empty' to ''\\\",\\\"category\\\":\\\"settings\\\"},{\\\"type\\\":\\\"modified\\\",\\\"label\\\":\\\"input_name\\\",\\\"key\\\":\\\"conditional_logics.condition_groups.0.rules.0.value\\\",\\\"new_value\\\":\\\"\\\",\\\"info\\\":\\\"Modified input_name conditional_logics.condition_groups.0.rules.0.value value from 'empty' to ''\\\",\\\"category\\\":\\\"settings\\\"},{\\\"type\\\":\\\"modified\\\",\\\"label\\\":\\\"input_name\\\",\\\"key\\\":\\\"conditional_logics.condition_groups.0.rules.0.operator\\\",\\\"new_value\\\":\\\"\\\",\\\"info\\\":\\\"Modified input_name conditional_logics.condition_groups.0.rules.0.operator value from 'empty' to ''\\\",\\\"category\\\":\\\"settings\\\"},{\\\"type\\\":\\\"modified\\\",\\\"label\\\":\\\"input_name\\\",\\\"key\\\":\\\"conditional_logics.condition_groups.0.title\\\",\\\"new_value\\\":\\\"\\\",\\\"info\\\":\\\"Modified input_name conditional_logics.condition_groups.0.title value from 'empty' to ''\\\",\\\"category\\\":\\\"settings\\\"},{\\\"type\\\":\\\"modified\\\",\\\"label\\\":\\\"input_name\\\",\\\"key\\\":\\\"conditional_logics.condition_groups.0.isEditingTitle\\\",\\\"new_value\\\":false,\\\"info\\\":\\\"Modified input_name conditional_logics.condition_groups.0.isEditingTitle value from 'empty' to 'inActive'\\\",\\\"category\\\":\\\"settings\\\"},{\\\"type\\\":\\\"modified\\\",\\\"label\\\":\\\"input_name\\\",\\\"key\\\":\\\"conditional_logics.condition_groups.0.isPreviewOpen\\\",\\\"new_value\\\":false,\\\"info\\\":\\\"Modified input_name conditional_logics.condition_groups.0.isPreviewOpen value from 'empty' to 'inActive'\\\",\\\"category\\\":\\\"settings\\\"},{\\\"type\\\":\\\"modified\\\",\\\"label\\\":\\\"input_name\\\",\\\"key\\\":\\\"conditional_logics.condition_groups.0.isGroupOpen\\\",\\\"new_value\\\":true,\\\"info\\\":\\\"Modified input_name conditional_logics.condition_groups.0.isGroupOpen value from 'empty' to 'Active'\\\",\\\"category\\\":\\\"settings\\\"},{\\\"type\\\":\\\"modified\\\",\\\"label\\\":\\\"input_name\\\",\\\"key\\\":\\\"label_placement\\\",\\\"new_value\\\":\\\"\\\",\\\"info\\\":\\\"Modified input_name label_placement value from 'empty' to ''\\\",\\\"category\\\":\\\"settings\\\"},{\\\"type\\\":\\\"modified\\\",\\\"label\\\":\\\"input_name\\\",\\\"key\\\":\\\"first_name.attributes.placeholder\\\",\\\"new_value\\\":\\\"\\\\u0627\\\\u0644\\\\u0627\\\\u0633\\\\u0645\\\",\\\"old_value\\\":\\\"First Name\\\",\\\"info\\\":\\\"Modified input_name first_name.attributes.placeholder value from 'First Name' to '\\\\u0627\\\\u0644\\\\u0627\\\\u0633\\\\u0645'\\\",\\\"category\\\":\\\"fields\\\"},{\\\"type\\\":\\\"modified\\\",\\\"label\\\":\\\"input_name\\\",\\\"key\\\":\\\"first_name.settings.label\\\",\\\"new_value\\\":\\\"\\\\u0627\\\\u0644\\\\u0627\\\\u0633\\\\u0645\\\",\\\"old_value\\\":\\\"First Name\\\",\\\"info\\\":\\\"Modified input_name first_name.settings.label value from 'First Name' to '\\\\u0627\\\\u0644\\\\u0627\\\\u0633\\\\u0645'\\\",\\\"category\\\":\\\"fields\\\"},{\\\"type\\\":\\\"modified\\\",\\\"label\\\":\\\"input_name\\\",\\\"key\\\":\\\"first_name.settings.validation_rules.required.global\\\",\\\"new_value\\\":false,\\\"info\\\":\\\"Modified input_name first_name.settings.validation_rules.required.global value from 'empty' to 'inActive'\\\",\\\"category\\\":\\\"fields\\\"},{\\\"type\\\":\\\"modified\\\",\\\"label\\\":\\\"input_name\\\",\\\"key\\\":\\\"first_name.settings.validation_rules.required.global_message\\\",\\\"new_value\\\":\\\"This field is required\\\",\\\"info\\\":\\\"Modified input_name first_name.settings.validation_rules.required.global_message value from 'empty' to 'This field is required'\\\",\\\"category\\\":\\\"fields\\\"},{\\\"type\\\":\\\"modified\\\",\\\"label\\\":\\\"input_name\\\",\\\"key\\\":\\\"middle_name.settings.validation_rules.required.global\\\",\\\"new_value\\\":false,\\\"info\\\":\\\"Modified input_name middle_name.settings.validation_rules.required.global value from 'empty' to 'inActive'\\\",\\\"category\\\":\\\"fields\\\"},{\\\"type\\\":\\\"modified\\\",\\\"label\\\":\\\"input_name\\\",\\\"key\\\":\\\"middle_name.settings.validation_rules.required.global_message\\\",\\\"new_value\\\":\\\"This field is required\\\",\\\"info\\\":\\\"Modified input_name middle_name.settings.validation_rules.required.global_message value from 'empty' to 'This field is required'\\\",\\\"category\\\":\\\"fields\\\"},{\\\"type\\\":\\\"modified\\\",\\\"label\\\":\\\"input_name\\\",\\\"key\\\":\\\"last_name.attributes.placeholder\\\",\\\"new_value\\\":\\\"\\\\u0627\\\\u0644\\\\u0644\\\\u0642\\\\u0628\\\",\\\"old_value\\\":\\\"Last Name\\\",\\\"info\\\":\\\"Modified input_name last_name.attributes.placeholder value from 'Last Name' to '\\\\u0627\\\\u0644\\\\u0644\\\\u0642\\\\u0628'\\\",\\\"category\\\":\\\"fields\\\"},{\\\"type\\\":\\\"modified\\\",\\\"label\\\":\\\"input_name\\\",\\\"key\\\":\\\"last_name.settings.label\\\",\\\"new_value\\\":\\\"\\\\u0627\\\\u0644\\\\u0644\\\\u0642\\\\u0628\\\",\\\"old_value\\\":\\\"Last Name\\\",\\\"info\\\":\\\"Modified input_name last_name.settings.label value from 'Last Name' to '\\\\u0627\\\\u0644\\\\u0644\\\\u0642\\\\u0628'\\\",\\\"category\\\":\\\"fields\\\"},{\\\"type\\\":\\\"modified\\\",\\\"label\\\":\\\"input_name\\\",\\\"key\\\":\\\"last_name.settings.validation_rules.required.global\\\",\\\"new_value\\\":false,\\\"info\\\":\\\"Modified input_name last_name.settings.validation_rules.required.global value from 'empty' to 'inActive'\\\",\\\"category\\\":\\\"fields\\\"},{\\\"type\\\":\\\"modified\\\",\\\"label\\\":\\\"input_name\\\",\\\"key\\\":\\\"last_name.settings.validation_rules.required.global_message\\\",\\\"new_value\\\":\\\"This field is required\\\",\\\"info\\\":\\\"Modified input_name last_name.settings.validation_rules.required.global_message value from 'empty' to 'This field is required'\\\",\\\"category\\\":\\\"fields\\\"},{\\\"type\\\":\\\"modified\\\",\\\"label\\\":\\\"\\\\u0627\\\\u0644\\\\u0628\\\\u0631\\\\u064a\\\\u062f \\\\u0627\\\\u0644\\\\u0627\\\\u0644\\\\u0643\\\\u062a\\\\u0631\\\\u0648\\\\u0646\\\\u064a\\\",\\\"key\\\":\\\"label\\\",\\\"new_value\\\":\\\"\\\\u0627\\\\u0644\\\\u0628\\\\u0631\\\\u064a\\\\u062f \\\\u0627\\\\u0644\\\\u0627\\\\u0644\\\\u0643\\\\u062a\\\\u0631\\\\u0648\\\\u0646\\\\u064a\\\",\\\"old_value\\\":\\\"Email\\\",\\\"info\\\":\\\"Modified \\\\u0627\\\\u0644\\\\u0628\\\\u0631\\\\u064a\\\\u062f \\\\u0627\\\\u0644\\\\u0627\\\\u0644\\\\u0643\\\\u062a\\\\u0631\\\\u0648\\\\u0646\\\\u064a label value from 'Email' to '\\\\u0627\\\\u0644\\\\u0628\\\\u0631\\\\u064a\\\\u062f \\\\u0627\\\\u0644\\\\u0627\\\\u0644\\\\u0643\\\\u062a\\\\u0631\\\\u0648\\\\u0646\\\\u064a'\\\",\\\"category\\\":\\\"settings\\\"},{\\\"type\\\":\\\"modified\\\",\\\"label\\\":\\\"\\\\u0627\\\\u0644\\\\u0628\\\\u0631\\\\u064a\\\\u062f \\\\u0627\\\\u0644\\\\u0627\\\\u0644\\\\u0643\\\\u062a\\\\u0631\\\\u0648\\\\u0646\\\\u064a\\\",\\\"key\\\":\\\"admin_field_label\\\",\\\"new_value\\\":\\\"\\\\u0627\\\\u0644\\\\u0628\\\\u0631\\\\u064a\\\\u062f \\\\u0627\\\\u0644\\\\u0627\\\\u0644\\\\u0643\\\\u062a\\\\u0631\\\\u0648\\\\u0646\\\\u064a\\\",\\\"old_value\\\":\\\"\\\",\\\"info\\\":\\\"Modified \\\\u0627\\\\u0644\\\\u0628\\\\u0631\\\\u064a\\\\u062f \\\\u0627\\\\u0644\\\\u0627\\\\u0644\\\\u0643\\\\u062a\\\\u0631\\\\u0648\\\\u0646\\\\u064a admin_field_label value from 'empty' to '\\\\u0627\\\\u0644\\\\u0628\\\\u0631\\\\u064a\\\\u062f \\\\u0627\\\\u0644\\\\u0627\\\\u0644\\\\u0643\\\\u062a\\\\u0631\\\\u0648\\\\u0646\\\\u064a'\\\",\\\"category\\\":\\\"settings\\\"},{\\\"type\\\":\\\"modified\\\",\\\"label\\\":\\\"\\\\u0627\\\\u0644\\\\u0628\\\\u0631\\\\u064a\\\\u062f \\\\u0627\\\\u0644\\\\u0627\\\\u0644\\\\u0643\\\\u062a\\\\u0631\\\\u0648\\\\u0646\\\\u064a\\\",\\\"key\\\":\\\"validation_rules.required.global\\\",\\\"new_value\\\":false,\\\"info\\\":\\\"Modified \\\\u0627\\\\u0644\\\\u0628\\\\u0631\\\\u064a\\\\u062f \\\\u0627\\\\u0644\\\\u0627\\\\u0644\\\\u0643\\\\u062a\\\\u0631\\\\u0648\\\\u0646\\\\u064a validation_rules.required.global value from 'empty' to 'inActive'\\\",\\\"category\\\":\\\"settings\\\"},{\\\"type\\\":\\\"modified\\\",\\\"label\\\":\\\"\\\\u0627\\\\u0644\\\\u0628\\\\u0631\\\\u064a\\\\u062f \\\\u0627\\\\u0644\\\\u0627\\\\u0644\\\\u0643\\\\u062a\\\\u0631\\\\u0648\\\\u0646\\\\u064a\\\",\\\"key\\\":\\\"validation_rules.required.global_message\\\",\\\"new_value\\\":\\\"This field is required\\\",\\\"info\\\":\\\"Modified \\\\u0627\\\\u0644\\\\u0628\\\\u0631\\\\u064a\\\\u062f \\\\u0627\\\\u0644\\\\u0627\\\\u0644\\\\u0643\\\\u062a\\\\u0631\\\\u0648\\\\u0646\\\\u064a validation_rules.required.global_message value from 'empty' to 'This field is required'\\\",\\\"category\\\":\\\"settings\\\"},{\\\"type\\\":\\\"modified\\\",\\\"label\\\":\\\"\\\\u0627\\\\u0644\\\\u0628\\\\u0631\\\\u064a\\\\u062f \\\\u0627\\\\u0644\\\\u0627\\\\u0644\\\\u0643\\\\u062a\\\\u0631\\\\u0648\\\\u0646\\\\u064a\\\",\\\"key\\\":\\\"validation_rules.email.global\\\",\\\"new_value\\\":false,\\\"info\\\":\\\"Modified \\\\u0627\\\\u0644\\\\u0628\\\\u0631\\\\u064a\\\\u062f \\\\u0627\\\\u0644\\\\u0627\\\\u0644\\\\u0643\\\\u062a\\\\u0631\\\\u0648\\\\u0646\\\\u064a validation_rules.email.global value from 'empty' to 'inActive'\\\",\\\"category\\\":\\\"settings\\\"},{\\\"type\\\":\\\"modified\\\",\\\"label\\\":\\\"\\\\u0627\\\\u0644\\\\u0628\\\\u0631\\\\u064a\\\\u062f \\\\u0627\\\\u0644\\\\u0627\\\\u0644\\\\u0643\\\\u062a\\\\u0631\\\\u0648\\\\u0646\\\\u064a\\\",\\\"key\\\":\\\"validation_rules.email.global_message\\\",\\\"new_value\\\":\\\"This field must contain a valid email\\\",\\\"info\\\":\\\"Modified \\\\u0627\\\\u0644\\\\u0628\\\\u0631\\\\u064a\\\\u062f \\\\u0627\\\\u0644\\\\u0627\\\\u0644\\\\u0643\\\\u062a\\\\u0631\\\\u0648\\\\u0646\\\\u064a validation_rules.email.global_message value from 'empty' to 'This field must contain a valid email'\\\",\\\"category\\\":\\\"settings\\\"},{\\\"type\\\":\\\"modified\\\",\\\"label\\\":\\\"\\\\u0627\\\\u0644\\\\u0628\\\\u0631\\\\u064a\\\\u062f \\\\u0627\\\\u0644\\\\u0627\\\\u0644\\\\u0643\\\\u062a\\\\u0631\\\\u0648\\\\u0646\\\\u064a\\\",\\\"key\\\":\\\"is_unique\\\",\\\"new_value\\\":\\\"no\\\",\\\"info\\\":\\\"Modified \\\\u0627\\\\u0644\\\\u0628\\\\u0631\\\\u064a\\\\u062f \\\\u0627\\\\u0644\\\\u0627\\\\u0644\\\\u0643\\\\u062a\\\\u0631\\\\u0648\\\\u0646\\\\u064a is_unique value from 'empty' to 'no'\\\",\\\"category\\\":\\\"settings\\\"},{\\\"type\\\":\\\"modified\\\",\\\"label\\\":\\\"\\\\u0627\\\\u0644\\\\u0628\\\\u0631\\\\u064a\\\\u062f \\\\u0627\\\\u0644\\\\u0627\\\\u0644\\\\u0643\\\\u062a\\\\u0631\\\\u0648\\\\u0646\\\\u064a\\\",\\\"key\\\":\\\"unique_validation_message\\\",\\\"new_value\\\":\\\"Email address need to be unique.\\\",\\\"info\\\":\\\"Modified \\\\u0627\\\\u0644\\\\u0628\\\\u0631\\\\u064a\\\\u062f \\\\u0627\\\\u0644\\\\u0627\\\\u0644\\\\u0643\\\\u062a\\\\u0631\\\\u0648\\\\u0646\\\\u064a unique_validation_message value from 'empty' to 'Email address need to be unique.'\\\",\\\"category\\\":\\\"settings\\\"},{\\\"type\\\":\\\"modified\\\",\\\"label\\\":\\\"\\\\u0627\\\\u0644\\\\u0628\\\\u0631\\\\u064a\\\\u062f \\\\u0627\\\\u0644\\\\u0627\\\\u0644\\\\u0643\\\\u062a\\\\u0631\\\\u0648\\\\u0646\\\\u064a\\\",\\\"key\\\":\\\"prefix_label\\\",\\\"new_value\\\":\\\"\\\",\\\"info\\\":\\\"Modified \\\\u0627\\\\u0644\\\\u0628\\\\u0631\\\\u064a\\\\u062f \\\\u0627\\\\u0644\\\\u0627\\\\u0644\\\\u0643\\\\u062a\\\\u0631\\\\u0648\\\\u0646\\\\u064a prefix_label value from 'empty' to ''\\\",\\\"category\\\":\\\"settings\\\"},{\\\"type\\\":\\\"modified\\\",\\\"label\\\":\\\"\\\\u0627\\\\u0644\\\\u0628\\\\u0631\\\\u064a\\\\u062f \\\\u0627\\\\u0644\\\\u0627\\\\u0644\\\\u0643\\\\u062a\\\\u0631\\\\u0648\\\\u0646\\\\u064a\\\",\\\"key\\\":\\\"suffix_label\\\",\\\"new_value\\\":\\\"\\\",\\\"info\\\":\\\"Modified \\\\u0627\\\\u0644\\\\u0628\\\\u0631\\\\u064a\\\\u062f \\\\u0627\\\\u0644\\\\u0627\\\\u0644\\\\u0643\\\\u062a\\\\u0631\\\\u0648\\\\u0646\\\\u064a suffix_label value from 'empty' to ''\\\",\\\"category\\\":\\\"settings\\\"},{\\\"type\\\":\\\"modified\\\",\\\"label\\\":\\\"\\\\u0627\\\\u0644\\\\u0628\\\\u0631\\\\u064a\\\\u062f \\\\u0627\\\\u0644\\\\u0627\\\\u0644\\\\u0643\\\\u062a\\\\u0631\\\\u0648\\\\u0646\\\\u064a\\\",\\\"key\\\":\\\"placeholder\\\",\\\"new_value\\\":\\\"\\\\u0627\\\\u0644\\\\u0628\\\\u0631\\\\u064a\\\\u062f \\\\u0627\\\\u0644\\\\u0627\\\\u0644\\\\u0643\\\\u062a\\\\u0631\\\\u0648\\\\u0646\\\\u064a\\\",\\\"old_value\\\":\\\"Email Address\\\",\\\"info\\\":\\\"Modified \\\\u0627\\\\u0644\\\\u0628\\\\u0631\\\\u064a\\\\u062f \\\\u0627\\\\u0644\\\\u0627\\\\u0644\\\\u0643\\\\u062a\\\\u0631\\\\u0648\\\\u0646\\\\u064a placeholder value from 'Email Address' to '\\\\u0627\\\\u0644\\\\u0628\\\\u0631\\\\u064a\\\\u062f \\\\u0627\\\\u0644\\\\u0627\\\\u0644\\\\u0643\\\\u062a\\\\u0631\\\\u0648\\\\u0646\\\\u064a'\\\",\\\"category\\\":\\\"attributes\\\"},{\\\"type\\\":\\\"modified\\\",\\\"label\\\":\\\"\\\\u0639\\\\u0646\\\\u0648\\\\u0627\\\\u0646 \\\\u0627\\\\u0644\\\\u062a\\\\u0630\\\\u0643\\\\u0631\\\\u0629\\\",\\\"key\\\":\\\"label\\\",\\\"new_value\\\":\\\"\\\\u0639\\\\u0646\\\\u0648\\\\u0627\\\\u0646 \\\\u0627\\\\u0644\\\\u062a\\\\u0630\\\\u0643\\\\u0631\\\\u0629\\\",\\\"old_value\\\":\\\"Subject\\\",\\\"info\\\":\\\"Modified \\\\u0639\\\\u0646\\\\u0648\\\\u0627\\\\u0646 \\\\u0627\\\\u0644\\\\u062a\\\\u0630\\\\u0643\\\\u0631\\\\u0629 label value from 'Subject' to '\\\\u0639\\\\u0646\\\\u0648\\\\u0627\\\\u0646 \\\\u0627\\\\u0644\\\\u062a\\\\u0630\\\\u0643\\\\u0631\\\\u0629'\\\",\\\"category\\\":\\\"settings\\\"},{\\\"type\\\":\\\"modified\\\",\\\"label\\\":\\\"\\\\u0639\\\\u0646\\\\u0648\\\\u0627\\\\u0646 \\\\u0627\\\\u0644\\\\u062a\\\\u0630\\\\u0643\\\\u0631\\\\u0629\\\",\\\"key\\\":\\\"admin_field_label\\\",\\\"new_value\\\":\\\"\\\\u0639\\\\u0646\\\\u0648\\\\u0627\\\\u0646 \\\\u0627\\\\u0644\\\\u062a\\\\u0630\\\\u0643\\\\u0631\\\\u0629\\\",\\\"old_value\\\":\\\"Subject\\\",\\\"info\\\":\\\"Modified \\\\u0639\\\\u0646\\\\u0648\\\\u0627\\\\u0646 \\\\u0627\\\\u0644\\\\u062a\\\\u0630\\\\u0643\\\\u0631\\\\u0629 admin_field_label value from 'Subject' to '\\\\u0639\\\\u0646\\\\u0648\\\\u0627\\\\u0646 \\\\u0627\\\\u0644\\\\u062a\\\\u0630\\\\u0643\\\\u0631\\\\u0629'\\\",\\\"category\\\":\\\"settings\\\"},{\\\"type\\\":\\\"modified\\\",\\\"label\\\":\\\"\\\\u0639\\\\u0646\\\\u0648\\\\u0627\\\\u0646 \\\\u0627\\\\u0644\\\\u062a\\\\u0630\\\\u0643\\\\u0631\\\\u0629\\\",\\\"key\\\":\\\"validation_rules.required.global\\\",\\\"new_value\\\":false,\\\"info\\\":\\\"Modified \\\\u0639\\\\u0646\\\\u0648\\\\u0627\\\\u0646 \\\\u0627\\\\u0644\\\\u062a\\\\u0630\\\\u0643\\\\u0631\\\\u0629 validation_rules.required.global value from 'empty' to 'inActive'\\\",\\\"category\\\":\\\"settings\\\"},{\\\"type\\\":\\\"modified\\\",\\\"label\\\":\\\"\\\\u0639\\\\u0646\\\\u0648\\\\u0627\\\\u0646 \\\\u0627\\\\u0644\\\\u062a\\\\u0630\\\\u0643\\\\u0631\\\\u0629\\\",\\\"key\\\":\\\"validation_rules.required.global_message\\\",\\\"new_value\\\":\\\"This field is required\\\",\\\"info\\\":\\\"Modified \\\\u0639\\\\u0646\\\\u0648\\\\u0627\\\\u0646 \\\\u0627\\\\u0644\\\\u062a\\\\u0630\\\\u0643\\\\u0631\\\\u0629 validation_rules.required.global_message value from 'empty' to 'This field is required'\\\",\\\"category\\\":\\\"settings\\\"},{\\\"type\\\":\\\"modified\\\",\\\"label\\\":\\\"\\\\u0639\\\\u0646\\\\u0648\\\\u0627\\\\u0646 \\\\u0627\\\\u0644\\\\u062a\\\\u0630\\\\u0643\\\\u0631\\\\u0629\\\",\\\"key\\\":\\\"is_unique\\\",\\\"new_value\\\":\\\"no\\\",\\\"info\\\":\\\"Modified \\\\u0639\\\\u0646\\\\u0648\\\\u0627\\\\u0646 \\\\u0627\\\\u0644\\\\u062a\\\\u0630\\\\u0643\\\\u0631\\\\u0629 is_unique value from 'empty' to 'no'\\\",\\\"category\\\":\\\"settings\\\"},{\\\"type\\\":\\\"modified\\\",\\\"label\\\":\\\"\\\\u0639\\\\u0646\\\\u0648\\\\u0627\\\\u0646 \\\\u0627\\\\u0644\\\\u062a\\\\u0630\\\\u0643\\\\u0631\\\\u0629\\\",\\\"key\\\":\\\"unique_validation_message\\\",\\\"new_value\\\":\\\"This field value need to be unique.\\\",\\\"info\\\":\\\"Modified \\\\u0639\\\\u0646\\\\u0648\\\\u0627\\\\u0646 \\\\u0627\\\\u0644\\\\u062a\\\\u0630\\\\u0643\\\\u0631\\\\u0629 unique_validation_message value from 'empty' to 'This field value need to be unique.'\\\",\\\"category\\\":\\\"settings\\\"},{\\\"type\\\":\\\"modified\\\",\\\"label\\\":\\\"\\\\u0639\\\\u0646\\\\u0648\\\\u0627\\\\u0646 \\\\u0627\\\\u0644\\\\u062a\\\\u0630\\\\u0643\\\\u0631\\\\u0629\\\",\\\"key\\\":\\\"prefix_label\\\",\\\"new_value\\\":\\\"\\\",\\\"info\\\":\\\"Modified \\\\u0639\\\\u0646\\\\u0648\\\\u0627\\\\u0646 \\\\u0627\\\\u0644\\\\u062a\\\\u0630\\\\u0643\\\\u0631\\\\u0629 prefix_label value from 'empty' to ''\\\",\\\"category\\\":\\\"settings\\\"},{\\\"type\\\":\\\"modified\\\",\\\"label\\\":\\\"\\\\u0639\\\\u0646\\\\u0648\\\\u0627\\\\u0646 \\\\u0627\\\\u0644\\\\u062a\\\\u0630\\\\u0643\\\\u0631\\\\u0629\\\",\\\"key\\\":\\\"suffix_label\\\",\\\"new_value\\\":\\\"\\\",\\\"info\\\":\\\"Modified \\\\u0639\\\\u0646\\\\u0648\\\\u0627\\\\u0646 \\\\u0627\\\\u0644\\\\u062a\\\\u0630\\\\u0643\\\\u0631\\\\u0629 suffix_label value from 'empty' to ''\\\",\\\"category\\\":\\\"settings\\\"},{\\\"type\\\":\\\"modified\\\",\\\"label\\\":\\\"\\\\u0639\\\\u0646\\\\u0648\\\\u0627\\\\u0646 \\\\u0627\\\\u0644\\\\u062a\\\\u0630\\\\u0643\\\\u0631\\\\u0629\\\",\\\"key\\\":\\\"placeholder\\\",\\\"new_value\\\":\\\"\\\\u0639\\\\u0646\\\\u0648\\\\u0627\\\\u0646 \\\\u0627\\\\u0644\\\\u062a\\\\u0630\\\\u0643\\\\u0631\\\\u0629\\\",\\\"old_value\\\":\\\"Subject\\\",\\\"info\\\":\\\"Modified \\\\u0639\\\\u0646\\\\u0648\\\\u0627\\\\u0646 \\\\u0627\\\\u0644\\\\u062a\\\\u0630\\\\u0643\\\\u0631\\\\u0629 placeholder value from 'Subject' to '\\\\u0639\\\\u0646\\\\u0648\\\\u0627\\\\u0646 \\\\u0627\\\\u0644\\\\u062a\\\\u0630\\\\u0643\\\\u0631\\\\u0629'\\\",\\\"category\\\":\\\"attributes\\\"},{\\\"type\\\":\\\"modified\\\",\\\"label\\\":\\\"\\\\u0639\\\\u0646\\\\u0648\\\\u0627\\\\u0646 \\\\u0627\\\\u0644\\\\u062a\\\\u0630\\\\u0643\\\\u0631\\\\u0629\\\",\\\"key\\\":\\\"maxlength\\\",\\\"new_value\\\":\\\"\\\",\\\"info\\\":\\\"Modified \\\\u0639\\\\u0646\\\\u0648\\\\u0627\\\\u0646 \\\\u0627\\\\u0644\\\\u062a\\\\u0630\\\\u0643\\\\u0631\\\\u0629 maxlength value from 'empty' to ''\\\",\\\"category\\\":\\\"attributes\\\"},{\\\"type\\\":\\\"modified\\\",\\\"label\\\":\\\"\\\\u0627\\\\u0644\\\\u0631\\\\u0633\\\\u0627\\\\u0644\\\\u0629\\\",\\\"key\\\":\\\"label\\\",\\\"new_value\\\":\\\"\\\\u0627\\\\u0644\\\\u0631\\\\u0633\\\\u0627\\\\u0644\\\\u0629\\\",\\\"old_value\\\":\\\"Your Message\\\",\\\"info\\\":\\\"Modified \\\\u0627\\\\u0644\\\\u0631\\\\u0633\\\\u0627\\\\u0644\\\\u0629 label value from 'Your Message' to '\\\\u0627\\\\u0644\\\\u0631\\\\u0633\\\\u0627\\\\u0644\\\\u0629'\\\",\\\"category\\\":\\\"settings\\\"},{\\\"type\\\":\\\"modified\\\",\\\"label\\\":\\\"\\\\u0627\\\\u0644\\\\u0631\\\\u0633\\\\u0627\\\\u0644\\\\u0629\\\",\\\"key\\\":\\\"admin_field_label\\\",\\\"new_value\\\":\\\"\\\\u0627\\\\u0644\\\\u0631\\\\u0633\\\\u0627\\\\u0644\\\\u0629\\\",\\\"old_value\\\":\\\"\\\",\\\"info\\\":\\\"Modified \\\\u0627\\\\u0644\\\\u0631\\\\u0633\\\\u0627\\\\u0644\\\\u0629 admin_field_label value from 'empty' to '\\\\u0627\\\\u0644\\\\u0631\\\\u0633\\\\u0627\\\\u0644\\\\u0629'\\\",\\\"category\\\":\\\"settings\\\"},{\\\"type\\\":\\\"modified\\\",\\\"label\\\":\\\"\\\\u0627\\\\u0644\\\\u0631\\\\u0633\\\\u0627\\\\u0644\\\\u0629\\\",\\\"key\\\":\\\"validation_rules.required.global\\\",\\\"new_value\\\":false,\\\"info\\\":\\\"Modified \\\\u0627\\\\u0644\\\\u0631\\\\u0633\\\\u0627\\\\u0644\\\\u0629 validation_rules.required.global value from 'empty' to 'inActive'\\\",\\\"category\\\":\\\"settings\\\"},{\\\"type\\\":\\\"modified\\\",\\\"label\\\":\\\"\\\\u0627\\\\u0644\\\\u0631\\\\u0633\\\\u0627\\\\u0644\\\\u0629\\\",\\\"key\\\":\\\"validation_rules.required.global_message\\\",\\\"new_value\\\":\\\"This field is required\\\",\\\"info\\\":\\\"Modified \\\\u0627\\\\u0644\\\\u0631\\\\u0633\\\\u0627\\\\u0644\\\\u0629 validation_rules.required.global_message value from 'empty' to 'This field is required'\\\",\\\"category\\\":\\\"settings\\\"},{\\\"type\\\":\\\"modified\\\",\\\"label\\\":\\\"\\\\u0627\\\\u0644\\\\u0631\\\\u0633\\\\u0627\\\\u0644\\\\u0629\\\",\\\"key\\\":\\\"placeholder\\\",\\\"new_value\\\":\\\"\\\\u0642\\\\u0645 \\\\u0628\\\\u0643\\\\u062a\\\\u0627\\\\u0628\\\\u0629 \\\\u0627\\\\u0644\\\\u0631\\\\u0633\\\\u0627\\\\u0644\\\\u0629\\\",\\\"old_value\\\":\\\"Your Message\\\",\\\"info\\\":\\\"Modified \\\\u0627\\\\u0644\\\\u0631\\\\u0633\\\\u0627\\\\u0644\\\\u0629 placeholder value from 'Your Message' to '\\\\u0642\\\\u0645 \\\\u0628\\\\u0643\\\\u062a\\\\u0627\\\\u0628\\\\u0629 \\\\u0627\\\\u0644\\\\u0631\\\\u0633\\\\u0627\\\\u0644\\\\u0629'\\\",\\\"category\\\":\\\"attributes\\\"},{\\\"type\\\":\\\"modified\\\",\\\"label\\\":\\\"\\\\u0627\\\\u0644\\\\u0631\\\\u0633\\\\u0627\\\\u0644\\\\u0629\\\",\\\"key\\\":\\\"maxlength\\\",\\\"new_value\\\":\\\"\\\",\\\"info\\\":\\\"Modified \\\\u0627\\\\u0644\\\\u0631\\\\u0633\\\\u0627\\\\u0644\\\\u0629 maxlength value from 'empty' to ''\\\",\\\"category\\\":\\\"attributes\\\"},{\\\"type\\\":\\\"modified\\\",\\\"label\\\":\\\"button\\\",\\\"key\\\":\\\"button_ui.text\\\",\\\"new_value\\\":\\\"\\\\u0627\\\\u0631\\\\u0633\\\\u0627\\\\u0644\\\",\\\"old_value\\\":\\\"Submit Form\\\",\\\"info\\\":\\\"Modified button button_ui.text value from 'Submit Form' to '\\\\u0627\\\\u0631\\\\u0633\\\\u0627\\\\u0644'\\\",\\\"category\\\":\\\"settings\\\"},{\\\"type\\\":\\\"modified\\\",\\\"label\\\":\\\"button\\\",\\\"key\\\":\\\"normal_styles.backgroundColor\\\",\\\"new_value\\\":\\\"#1a7efb\\\",\\\"info\\\":\\\"Modified button normal_styles.backgroundColor value from 'empty' to '#1a7efb'\\\",\\\"category\\\":\\\"settings\\\"},{\\\"type\\\":\\\"modified\\\",\\\"label\\\":\\\"button\\\",\\\"key\\\":\\\"normal_styles.borderColor\\\",\\\"new_value\\\":\\\"#1a7efb\\\",\\\"info\\\":\\\"Modified button normal_styles.borderColor value from 'empty' to '#1a7efb'\\\",\\\"category\\\":\\\"settings\\\"},{\\\"type\\\":\\\"modified\\\",\\\"label\\\":\\\"button\\\",\\\"key\\\":\\\"normal_styles.color\\\",\\\"new_value\\\":\\\"#ffffff\\\",\\\"info\\\":\\\"Modified button normal_styles.color value from 'empty' to '#ffffff'\\\",\\\"category\\\":\\\"settings\\\"},{\\\"type\\\":\\\"modified\\\",\\\"label\\\":\\\"button\\\",\\\"key\\\":\\\"normal_styles.borderRadius\\\",\\\"new_value\\\":\\\"\\\",\\\"info\\\":\\\"Modified button normal_styles.borderRadius value from 'empty' to ''\\\",\\\"category\\\":\\\"settings\\\"},{\\\"type\\\":\\\"modified\\\",\\\"label\\\":\\\"button\\\",\\\"key\\\":\\\"normal_styles.minWidth\\\",\\\"new_value\\\":\\\"\\\",\\\"info\\\":\\\"Modified button normal_styles.minWidth value from 'empty' to ''\\\",\\\"category\\\":\\\"settings\\\"},{\\\"type\\\":\\\"modified\\\",\\\"label\\\":\\\"button\\\",\\\"key\\\":\\\"hover_styles.backgroundColor\\\",\\\"new_value\\\":\\\"#ffffff\\\",\\\"info\\\":\\\"Modified button hover_styles.backgroundColor value from 'empty' to '#ffffff'\\\",\\\"category\\\":\\\"settings\\\"},{\\\"type\\\":\\\"modified\\\",\\\"label\\\":\\\"button\\\",\\\"key\\\":\\\"hover_styles.borderColor\\\",\\\"new_value\\\":\\\"#1a7efb\\\",\\\"info\\\":\\\"Modified button hover_styles.borderColor value from 'empty' to '#1a7efb'\\\",\\\"category\\\":\\\"settings\\\"},{\\\"type\\\":\\\"modified\\\",\\\"label\\\":\\\"button\\\",\\\"key\\\":\\\"hover_styles.color\\\",\\\"new_value\\\":\\\"#1a7efb\\\",\\\"info\\\":\\\"Modified button hover_styles.color value from 'empty' to '#1a7efb'\\\",\\\"category\\\":\\\"settings\\\"},{\\\"type\\\":\\\"modified\\\",\\\"label\\\":\\\"button\\\",\\\"key\\\":\\\"hover_styles.borderRadius\\\",\\\"new_value\\\":\\\"\\\",\\\"info\\\":\\\"Modified button hover_styles.borderRadius value from 'empty' to ''\\\",\\\"category\\\":\\\"settings\\\"},{\\\"type\\\":\\\"modified\\\",\\\"label\\\":\\\"button\\\",\\\"key\\\":\\\"hover_styles.minWidth\\\",\\\"new_value\\\":\\\"\\\",\\\"info\\\":\\\"Modified button hover_styles.minWidth value from 'empty' to ''\\\",\\\"category\\\":\\\"settings\\\"},{\\\"type\\\":\\\"modified\\\",\\\"label\\\":\\\"button\\\",\\\"key\\\":\\\"current_state\\\",\\\"new_value\\\":\\\"normal_styles\\\",\\\"info\\\":\\\"Modified button current_state value from 'empty' to 'normal_styles'\\\",\\\"category\\\":\\\"settings\\\"}]\"}"},{"id":11,"form_id":"1","meta_key":"_primary_email_field","value":"email"}]}]